{
	"texture_size": [32, 32],
	"textures": {
		"0": "model/medkit_open",
		"particle": "model/medkit_open"
	},
	"elements": [
		{
			"from": [12.2, -0.2, 1.8],
			"to": [13.2, 0.8, 2.8],
			"faces": {
				"north": {"uv": [6.5, 7.5, 7, 8], "texture": "#0"},
				"east": {"uv": [11.5, 4.5, 12, 5], "texture": "#0"},
				"south": {"uv": [7, 11.5, 7.5, 12], "texture": "#0"},
				"west": {"uv": [7.5, 11.5, 8, 12], "texture": "#0"},
				"up": {"uv": [8.5, 12, 8, 11.5], "texture": "#0"},
				"down": {"uv": [10, 11.5, 9.5, 12], "texture": "#0"}
			}
		},
		{
			"from": [12, 0, 2],
			"to": [13, 1.5, 11],
			"faces": {
				"north": {"uv": [11, 10, 11.5, 10.75], "texture": "#0"},
				"east": {"uv": [0, 6, 4.5, 6.75], "texture": "#0"},
				"south": {"uv": [10.5, 11, 11, 11.75], "texture": "#0"},
				"west": {"uv": [6.5, 0, 11, 0.75], "texture": "#0"},
				"up": {"uv": [7, 7.5, 6.5, 3], "texture": "#0"},
				"down": {"uv": [0.5, 7, 0, 11.5], "texture": "#0"}
			}
		},
		{
			"from": [7, 0, 2],
			"to": [8, 1.5, 11],
			"faces": {
				"north": {"uv": [11, 11, 11.5, 11.75], "texture": "#0"},
				"east": {"uv": [6.5, 1, 11, 1.75], "texture": "#0"},
				"south": {"uv": [0, 11.5, 0.5, 12.25], "texture": "#0"},
				"west": {"uv": [6.5, 2, 11, 2.75], "texture": "#0"},
				"up": {"uv": [1, 11.5, 0.5, 7], "texture": "#0"},
				"down": {"uv": [1.5, 7, 1, 11.5], "texture": "#0"}
			}
		},
		{
			"from": [8, 0, 2],
			"to": [12, 1.5, 3],
			"faces": {
				"north": {"uv": [3.5, 7, 5.5, 7.75], "texture": "#0"},
				"east": {"uv": [11.5, 0, 12, 0.75], "texture": "#0"},
				"south": {"uv": [7, 5, 9, 5.75], "texture": "#0"},
				"west": {"uv": [0.5, 11.5, 1, 12.25], "texture": "#0"},
				"up": {"uv": [8.5, 8.5, 6.5, 8], "texture": "#0"},
				"down": {"uv": [8.5, 8.5, 6.5, 9], "texture": "#0"}
			}
		},
		{
			"from": [8, 0, 10],
			"to": [12, 1.5, 11],
			"faces": {
				"north": {"uv": [7, 6, 9, 6.75], "texture": "#0"},
				"east": {"uv": [1, 11.5, 1.5, 12.25], "texture": "#0"},
				"south": {"uv": [7, 7, 9, 7.75], "texture": "#0"},
				"west": {"uv": [2, 11.5, 2.5, 12.25], "texture": "#0"},
				"up": {"uv": [10.5, 8.5, 8.5, 8], "texture": "#0"},
				"down": {"uv": [10.5, 8.5, 8.5, 9], "texture": "#0"}
			}
		},
		{
			"from": [8, 0, 3],
			"to": [12, 0.8, 10],
			"faces": {
				"north": {"uv": [1.5, 9, 3.5, 9.5], "texture": "#0"},
				"east": {"uv": [7, 4, 10.5, 4.5], "texture": "#0"},
				"south": {"uv": [9, 3, 11, 3.5], "texture": "#0"},
				"west": {"uv": [7, 4.5, 10.5, 5], "texture": "#0"},
				"up": {"uv": [6.5, 3.5, 4.5, 0], "texture": "#0"},
				"down": {"uv": [6.5, 3.5, 4.5, 7], "texture": "#0"}
			}
		},
		{
			"from": [3.8, 1.6, 2],
			"to": [9.8, 2.1, 11],
			"rotation": {"angle": 22.5, "axis": "z", "origin": [7, 0, 6.4]},
			"faces": {
				"north": {"uv": [8.5, 9, 8.75, 12], "rotation": 270, "texture": "#0"},
				"east": {"uv": [5.75, 11.5, 5.5, 7], "rotation": 90, "texture": "#0"},
				"south": {"uv": [9, 9, 9.25, 12], "rotation": 90, "texture": "#0"},
				"west": {"uv": [6.25, 7, 6, 11.5], "rotation": 90, "texture": "#0"},
				"up": {"uv": [0, 3, 4.5, 6], "rotation": 90, "texture": "#0"},
				"down": {"uv": [0, 0, 4.5, 3], "rotation": 90, "texture": "#0"}
			}
		},
		{
			"from": [13, 1, 4],
			"to": [15, 2, 5],
			"faces": {
				"north": {"uv": [11, 1.5, 12, 2], "texture": "#0"},
				"east": {"uv": [10, 11.5, 10.5, 12], "texture": "#0"},
				"south": {"uv": [2, 11, 3, 11.5], "texture": "#0"},
				"west": {"uv": [11.5, 10, 12, 10.5], "texture": "#0"},
				"up": {"uv": [12, 2.5, 11, 2], "texture": "#0"},
				"down": {"uv": [12, 2.5, 11, 3], "texture": "#0"}
			}
		},
		{
			"from": [13, 1, 8],
			"to": [15, 2, 9],
			"faces": {
				"north": {"uv": [11, 3, 12, 3.5], "texture": "#0"},
				"east": {"uv": [11.5, 10.5, 12, 11], "texture": "#0"},
				"south": {"uv": [11, 3.5, 12, 4], "texture": "#0"},
				"west": {"uv": [11.5, 11, 12, 11.5], "texture": "#0"},
				"up": {"uv": [12, 5.5, 11, 5], "texture": "#0"},
				"down": {"uv": [12, 5.5, 11, 6], "texture": "#0"}
			}
		},
		{
			"from": [14.1, 1.1, 5],
			"to": [14.9, 1.9, 8],
			"faces": {
				"north": {"uv": [11.5, 11.5, 12, 12], "texture": "#0"},
				"east": {"uv": [9, 6.5, 10.5, 7], "texture": "#0"},
				"south": {"uv": [12, 0, 12.5, 0.5], "texture": "#0"},
				"west": {"uv": [9, 7, 10.5, 7.5], "texture": "#0"},
				"up": {"uv": [2, 11, 1.5, 9.5], "texture": "#0"},
				"down": {"uv": [2.5, 9.5, 2, 11], "texture": "#0"}
			}
		},
		{
			"from": [5.3, 1.7, 6],
			"to": [8.3, 2.4, 7],
			"rotation": {"angle": 22.5, "axis": "z", "origin": [7, 0, 6.4]},
			"faces": {
				"north": {"uv": [2.5, 11.5, 2.75, 13], "rotation": 270, "texture": "#0"},
				"east": {"uv": [7.75, 13, 7.5, 12.5], "rotation": 90, "texture": "#0"},
				"south": {"uv": [3.5, 11.5, 3.75, 13], "rotation": 90, "texture": "#0"},
				"west": {"uv": [8.25, 12.5, 8, 13], "rotation": 90, "texture": "#0"},
				"up": {"uv": [3, 9.5, 3.5, 11], "rotation": 90, "texture": "#0"},
				"down": {"uv": [2.5, 9.5, 3, 11], "rotation": 90, "texture": "#0"}
			}
		},
		{
			"from": [6.3, 1.8001, 5],
			"to": [7.3, 2.4001, 8],
			"rotation": {"angle": 22.5, "axis": "z", "origin": [7, 0, 6.4]},
			"faces": {
				"north": {"uv": [8.5, 12.5, 8.75, 13], "rotation": 270, "texture": "#0"},
				"east": {"uv": [4.25, 13, 4, 11.5], "rotation": 90, "texture": "#0"},
				"south": {"uv": [12.5, 8.5, 12.75, 9], "rotation": 90, "texture": "#0"},
				"west": {"uv": [5.75, 11.5, 5.5, 13], "rotation": 90, "texture": "#0"},
				"up": {"uv": [3.5, 9.5, 5, 10], "rotation": 90, "texture": "#0"},
				"down": {"uv": [9, 7.5, 10.5, 8], "rotation": 90, "texture": "#0"}
			}
		},
		{
			"from": [8.5, -0.3, 6],
			"to": [11.5, 0.7, 7],
			"faces": {
				"north": {"uv": [6.5, 9.5, 8, 10], "texture": "#0"},
				"east": {"uv": [12, 0.5, 12.5, 1], "texture": "#0"},
				"south": {"uv": [9.5, 9, 11, 9.5], "texture": "#0"},
				"west": {"uv": [12, 1.5, 12.5, 2], "texture": "#0"},
				"up": {"uv": [11, 10, 9.5, 9.5], "texture": "#0"},
				"down": {"uv": [5, 10, 3.5, 10.5], "texture": "#0"}
			}
		},
		{
			"from": [9.5, -0.2999, 5],
			"to": [10.5, 0.7001, 8],
			"faces": {
				"north": {"uv": [12, 2, 12.5, 2.5], "texture": "#0"},
				"east": {"uv": [6.5, 10, 8, 10.5], "texture": "#0"},
				"south": {"uv": [12, 2.5, 12.5, 3], "texture": "#0"},
				"west": {"uv": [9.5, 10, 11, 10.5], "texture": "#0"},
				"up": {"uv": [5.5, 11, 5, 9.5], "texture": "#0"},
				"down": {"uv": [8.5, 9.5, 8, 11], "texture": "#0"}
			}
		},
		{
			"from": [9, 1.3, 1.8],
			"to": [10, 2.3, 2.8],
			"rotation": {"angle": 22.5, "axis": "z", "origin": [7, 0, 6.4]},
			"faces": {
				"north": {"uv": [3, 12, 3.5, 12.5], "rotation": 270, "texture": "#0"},
				"east": {"uv": [12.5, 5, 12, 4.5], "rotation": 90, "texture": "#0"},
				"south": {"uv": [12, 3.5, 12.5, 4], "rotation": 90, "texture": "#0"},
				"west": {"uv": [5.5, 12, 5, 12.5], "rotation": 90, "texture": "#0"},
				"up": {"uv": [4.5, 12, 5, 12.5], "rotation": 90, "texture": "#0"},
				"down": {"uv": [12, 3, 12.5, 3.5], "rotation": 90, "texture": "#0"}
			}
		},
		{
			"from": [9, 1.3, 10.2],
			"to": [10, 2.3, 11.2],
			"rotation": {"angle": 22.5, "axis": "z", "origin": [7, 0, 6.4]},
			"faces": {
				"north": {"uv": [12, 5, 12.5, 5.5], "rotation": 270, "texture": "#0"},
				"east": {"uv": [8, 12.5, 7.5, 12], "rotation": 90, "texture": "#0"},
				"south": {"uv": [12, 6.5, 12.5, 7], "rotation": 90, "texture": "#0"},
				"west": {"uv": [8.5, 12, 8, 12.5], "rotation": 90, "texture": "#0"},
				"up": {"uv": [7, 12, 7.5, 12.5], "rotation": 90, "texture": "#0"},
				"down": {"uv": [12, 5.5, 12.5, 6], "rotation": 90, "texture": "#0"}
			}
		},
		{
			"from": [12.2, -0.2, 10.2],
			"to": [13.2, 0.8, 11.2],
			"faces": {
				"north": {"uv": [8.5, 12, 9, 12.5], "texture": "#0"},
				"east": {"uv": [12, 8.5, 12.5, 9], "texture": "#0"},
				"south": {"uv": [9, 12, 9.5, 12.5], "texture": "#0"},
				"west": {"uv": [9.5, 12, 10, 12.5], "texture": "#0"},
				"up": {"uv": [12.5, 10, 12, 9.5], "texture": "#0"},
				"down": {"uv": [10.5, 12, 10, 12.5], "texture": "#0"}
			}
		},
		{
			"from": [3.6, 1.3, 10.2],
			"to": [4.6, 2.3, 11.2],
			"rotation": {"angle": 22.5, "axis": "z", "origin": [7, 0, 6.4]},
			"faces": {
				"north": {"uv": [12, 10, 12.5, 10.5], "rotation": 270, "texture": "#0"},
				"east": {"uv": [12.5, 11.5, 12, 11], "rotation": 90, "texture": "#0"},
				"south": {"uv": [12, 10.5, 12.5, 11], "rotation": 90, "texture": "#0"},
				"west": {"uv": [12, 12, 11.5, 12.5], "rotation": 90, "texture": "#0"},
				"up": {"uv": [11, 12, 11.5, 12.5], "rotation": 90, "texture": "#0"},
				"down": {"uv": [10.5, 12, 11, 12.5], "rotation": 90, "texture": "#0"}
			}
		},
		{
			"from": [8.5, 0.8, 6.3],
			"to": [8.6, 1.2, 6.7],
			"faces": {
				"north": {"uv": [1, 13, 1.25, 13.25], "texture": "#0"},
				"east": {"uv": [13, 1, 13.25, 1.25], "texture": "#0"},
				"south": {"uv": [1.5, 13, 1.75, 13.25], "texture": "#0"},
				"west": {"uv": [13, 1.5, 13.25, 1.75], "texture": "#0"},
				"up": {"uv": [2.25, 13.25, 2, 13], "texture": "#0"},
				"down": {"uv": [13.25, 2, 13, 2.25], "texture": "#0"}
			}
		},
		{
			"from": [9.4, 0.8, 6.3],
			"to": [10.5, 1.2, 6.7],
			"faces": {
				"north": {"uv": [9, 12.5, 9.5, 12.75], "texture": "#0"},
				"east": {"uv": [2.5, 13, 2.75, 13.25], "texture": "#0"},
				"south": {"uv": [9.5, 12.5, 10, 12.75], "texture": "#0"},
				"west": {"uv": [13, 2.5, 13.25, 2.75], "texture": "#0"},
				"up": {"uv": [13, 9.75, 12.5, 9.5], "texture": "#0"},
				"down": {"uv": [10.5, 12.5, 10, 12.75], "texture": "#0"}
			}
		},
		{
			"from": [10.5, 0.95, 6.45],
			"to": [11.3, 1.05, 6.55],
			"faces": {
				"north": {"uv": [12.5, 10, 13, 10.25], "texture": "#0"},
				"east": {"uv": [3, 13, 3.25, 13.25], "texture": "#0"},
				"south": {"uv": [10.5, 12.5, 11, 12.75], "texture": "#0"},
				"west": {"uv": [13, 3, 13.25, 3.25], "texture": "#0"},
				"up": {"uv": [13, 10.75, 12.5, 10.5], "texture": "#0"},
				"down": {"uv": [11.5, 12.5, 11, 12.75], "texture": "#0"}
			}
		},
		{
			"from": [8.6, 0.9, 6.4],
			"to": [9.4, 1.1, 6.6],
			"faces": {
				"north": {"uv": [12.5, 11, 13, 11.25], "texture": "#0"},
				"east": {"uv": [3.5, 13, 3.75, 13.25], "texture": "#0"},
				"south": {"uv": [11.5, 12.5, 12, 12.75], "texture": "#0"},
				"west": {"uv": [13, 3.5, 13.25, 3.75], "texture": "#0"},
				"up": {"uv": [13, 11.75, 12.5, 11.5], "texture": "#0"},
				"down": {"uv": [12.5, 12.5, 12, 12.75], "texture": "#0"}
			}
		},
		{
			"from": [8, 2.4, 7.9],
			"to": [12, 2.6, 9.1],
			"faces": {
				"north": {"uv": [11, 6, 13, 6.25], "texture": "#0"},
				"east": {"uv": [12.5, 12, 13, 12.25], "texture": "#0"},
				"south": {"uv": [6.5, 11, 8.5, 11.25], "texture": "#0"},
				"west": {"uv": [12.5, 12.5, 13, 12.75], "texture": "#0"},
				"up": {"uv": [5.5, 9.5, 3.5, 9], "texture": "#0"},
				"down": {"uv": [11, 3.5, 9, 4], "texture": "#0"}
			}
		},
		{
			"from": [8, 1.1, 9.4],
			"to": [12, 2.1, 9.6],
			"faces": {
				"north": {"uv": [9, 5, 11, 5.5], "texture": "#0"},
				"east": {"uv": [0, 13, 0.25, 13.5], "texture": "#0"},
				"south": {"uv": [9, 5.5, 11, 6], "texture": "#0"},
				"west": {"uv": [13, 0, 13.25, 0.5], "texture": "#0"},
				"up": {"uv": [13, 7.25, 11, 7], "texture": "#0"},
				"down": {"uv": [13, 7.5, 11, 7.75], "texture": "#0"}
			}
		},
		{
			"from": [8, 1.1, 7.4],
			"to": [12, 2.1, 7.6],
			"faces": {
				"north": {"uv": [9, 6, 11, 6.5], "texture": "#0"},
				"east": {"uv": [0.5, 13, 0.75, 13.5], "texture": "#0"},
				"south": {"uv": [6.5, 9, 8.5, 9.5], "texture": "#0"},
				"west": {"uv": [13, 0.5, 13.25, 1], "texture": "#0"},
				"up": {"uv": [13, 8.25, 11, 8], "texture": "#0"},
				"down": {"uv": [13, 9, 11, 9.25], "texture": "#0"}
			}
		},
		{
			"from": [8, 0.8, 7.6],
			"to": [12, 2.4, 9.4],
			"faces": {
				"north": {"uv": [1.5, 8, 3.5, 8.75], "texture": "#0"},
				"east": {"uv": [3.5, 10.5, 4.5, 11.25], "texture": "#0"},
				"south": {"uv": [3.5, 8, 5.5, 8.75], "texture": "#0"},
				"west": {"uv": [10.5, 4, 11.5, 4.75], "texture": "#0"},
				"up": {"uv": [3.5, 8, 1.5, 7], "texture": "#0"},
				"down": {"uv": [9, 3, 7, 4], "texture": "#0"}
			}
		},
		{
			"from": [11, 0.8, 3],
			"to": [12, 1.8, 5.1],
			"faces": {
				"north": {"uv": [12, 11.5, 12.5, 12], "texture": "#0"},
				"east": {"uv": [9.5, 11, 10.5, 11.5], "texture": "#0"},
				"south": {"uv": [12, 12, 12.5, 12.5], "texture": "#0"},
				"west": {"uv": [11, 9.5, 12, 10], "texture": "#0"},
				"up": {"uv": [3.5, 12, 3, 11], "texture": "#0"},
				"down": {"uv": [5.5, 11, 5, 12], "texture": "#0"}
			}
		},
		{
			"from": [10, 0.8, 3],
			"to": [11, 1.8, 5.6],
			"faces": {
				"north": {"uv": [0, 12.5, 0.5, 13], "texture": "#0"},
				"east": {"uv": [6.5, 10.5, 7.75, 11], "texture": "#0"},
				"south": {"uv": [12.5, 0, 13, 0.5], "texture": "#0"},
				"west": {"uv": [10.5, 6.5, 11.75, 7], "texture": "#0"},
				"up": {"uv": [5, 11.75, 4.5, 10.5], "texture": "#0"},
				"down": {"uv": [11, 7, 10.5, 8.25], "texture": "#0"}
			}
		},
		{
			"from": [9, 0.8, 3],
			"to": [10, 1.8, 4.7],
			"faces": {
				"north": {"uv": [0.5, 12.5, 1, 13], "texture": "#0"},
				"east": {"uv": [11.5, 1, 12.25, 1.5], "texture": "#0"},
				"south": {"uv": [12.5, 0.5, 13, 1], "texture": "#0"},
				"west": {"uv": [11.5, 4, 12.25, 4.5], "texture": "#0"},
				"up": {"uv": [6.5, 12.25, 6, 11.5], "texture": "#0"},
				"down": {"uv": [7, 11.5, 6.5, 12.25], "texture": "#0"}
			}
		},
		{
			"from": [11.2, 1, 5.1],
			"to": [11.8, 1.6, 5.3],
			"faces": {
				"north": {"uv": [4, 13, 4.25, 13.25], "texture": "#0"},
				"east": {"uv": [13, 4, 13.25, 4.25], "texture": "#0"},
				"south": {"uv": [4.5, 13, 4.75, 13.25], "texture": "#0"},
				"west": {"uv": [13, 4.5, 13.25, 4.75], "texture": "#0"},
				"up": {"uv": [5.25, 13.25, 5, 13], "texture": "#0"},
				"down": {"uv": [13.25, 5, 13, 5.25], "texture": "#0"}
			}
		},
		{
			"from": [10.2, 1, 5.6],
			"to": [10.8, 1.6, 5.8],
			"faces": {
				"north": {"uv": [5.5, 13, 5.75, 13.25], "texture": "#0"},
				"east": {"uv": [13, 5.5, 13.25, 5.75], "texture": "#0"},
				"south": {"uv": [6, 13, 6.25, 13.25], "texture": "#0"},
				"west": {"uv": [13, 6, 13.25, 6.25], "texture": "#0"},
				"up": {"uv": [6.75, 13.25, 6.5, 13], "texture": "#0"},
				"down": {"uv": [13.25, 6.5, 13, 6.75], "texture": "#0"}
			}
		},
		{
			"from": [9.2, 1, 4.7],
			"to": [9.8, 1.6, 4.9],
			"faces": {
				"north": {"uv": [7, 13, 7.25, 13.25], "texture": "#0"},
				"east": {"uv": [13, 7, 13.25, 7.25], "texture": "#0"},
				"south": {"uv": [7.5, 13, 7.75, 13.25], "texture": "#0"},
				"west": {"uv": [13, 7.5, 13.25, 7.75], "texture": "#0"},
				"up": {"uv": [8.25, 13.25, 8, 13], "texture": "#0"},
				"down": {"uv": [13.25, 8, 13, 8.25], "texture": "#0"}
			}
		},
		{
			"from": [8.2, 1, 5.3],
			"to": [8.8, 1.6, 5.5],
			"faces": {
				"north": {"uv": [8.5, 13, 8.75, 13.25], "texture": "#0"},
				"east": {"uv": [13, 8.5, 13.25, 8.75], "texture": "#0"},
				"south": {"uv": [9, 13, 9.25, 13.25], "texture": "#0"},
				"west": {"uv": [13, 9, 13.25, 9.25], "texture": "#0"},
				"up": {"uv": [9.75, 13.25, 9.5, 13], "texture": "#0"},
				"down": {"uv": [13.25, 9.5, 13, 9.75], "texture": "#0"}
			}
		},
		{
			"from": [8, 0.8, 3],
			"to": [9, 1.8, 5.3],
			"faces": {
				"north": {"uv": [1, 12.5, 1.5, 13], "texture": "#0"},
				"east": {"uv": [10.5, 8.5, 11.75, 9], "texture": "#0"},
				"south": {"uv": [12.5, 1, 13, 1.5], "texture": "#0"},
				"west": {"uv": [9.5, 10.5, 10.75, 11], "texture": "#0"},
				"up": {"uv": [11.5, 1.25, 11, 0], "texture": "#0"},
				"down": {"uv": [2, 11, 1.5, 12.25], "texture": "#0"}
			}
		},
		{
			"from": [6.8, -0.2, 10.2],
			"to": [7.8, 0.8, 11.2],
			"faces": {
				"north": {"uv": [1.5, 12.5, 2, 13], "texture": "#0"},
				"east": {"uv": [12.5, 1.5, 13, 2], "texture": "#0"},
				"south": {"uv": [2, 12.5, 2.5, 13], "texture": "#0"},
				"west": {"uv": [12.5, 2, 13, 2.5], "texture": "#0"},
				"up": {"uv": [13, 3, 12.5, 2.5], "texture": "#0"},
				"down": {"uv": [3.5, 12.5, 3, 13], "texture": "#0"}
			}
		},
		{
			"from": [3.6, 1.3, 1.8],
			"to": [4.6, 2.3, 2.8],
			"rotation": {"angle": 22.5, "axis": "z", "origin": [7, 0, 6.4]},
			"faces": {
				"north": {"uv": [12.5, 3, 13, 3.5], "rotation": 270, "texture": "#0"},
				"east": {"uv": [13, 5, 12.5, 4.5], "rotation": 90, "texture": "#0"},
				"south": {"uv": [12.5, 4, 13, 4.5], "rotation": 90, "texture": "#0"},
				"west": {"uv": [5.5, 12.5, 5, 13], "rotation": 90, "texture": "#0"},
				"up": {"uv": [4.5, 12.5, 5, 13], "rotation": 90, "texture": "#0"},
				"down": {"uv": [12.5, 3.5, 13, 4], "rotation": 90, "texture": "#0"}
			}
		},
		{
			"from": [6.8, -0.2, 1.8],
			"to": [7.8, 0.8, 2.8],
			"faces": {
				"north": {"uv": [12.5, 5, 13, 5.5], "texture": "#0"},
				"east": {"uv": [12.5, 5.5, 13, 6], "texture": "#0"},
				"south": {"uv": [6, 12.5, 6.5, 13], "texture": "#0"},
				"west": {"uv": [6.5, 12.5, 7, 13], "texture": "#0"},
				"up": {"uv": [13, 7, 12.5, 6.5], "texture": "#0"},
				"down": {"uv": [7.5, 12.5, 7, 13], "texture": "#0"}
			}
		}
	],
	"display": {
		"thirdperson_righthand": {
			"rotation": [75, 45, 0],
			"translation": [0, 2.5, 3],
			"scale": [0.375, 0.375, 0.375]
		},
		"firstperson_righthand": {
			"rotation": [0, 122, 25],
			"translation": [3.63, 4.7, 1.13],
			"scale": [0.68, 0.68, 0.68]
		},
		"ground": {
			"translation": [0, 2, 0],
			"scale": [0.5, 0.5, 0.5]
		},
		"gui": {
			"rotation": [30, 225, 0],
			"translation": [0, 5.5, 0]
		},
		"head": {
			"translation": [-3, -30.75, 2.25],
			"scale": [1.5, 1.5, 1.5]
		},
		"fixed": {
			"rotation": [-90, 80, 0],
			"translation": [1.75, 1.25, -12.25],
			"scale": [1.5, 1.5, 1.5]
		}
	},
	"groups": [
		{
			"name": "medkit",
			"origin": [8, 8, 8],
			"color": 0,
			"nbt": "{}",
			"armAnimationEnabled": false,
			"children": [0, 1, 2, 3, 4, 5, 6, 7, 8, 9, 10, 11, 12, 13, 14, 15, 16, 17, 18, 19, 20, 21, 22, 23, 24, 25, 26, 27, 28, 29, 30, 31, 32, 33, 34, 35, 36]
		}
	]
}