{
	"credit": "Made by D3rHase LoreqZ",
	"texture_size": [64, 64],
	"textures": {
		"1": "model/wood1",
		"particle": "wood"
	},
	"elements": [
		{
			"from": [4, 0, 8],
			"to": [5, 6, 9],
			"faces": {
				"north": {"uv": [6.5, 0.5, 8.5, 11.5], "texture": "#1"},
				"east": {"uv": [12.5, 0.5, 14.5, 11.5], "texture": "#1"},
				"south": {"uv": [10.5, 0.5, 12.5, 11.5], "texture": "#1"},
				"west": {"uv": [8.5, 0.5, 10.5, 11.5], "texture": "#1"},
				"up": {"uv": [1.5, 6.5, 3.5, 8.5], "texture": "#1"},
				"down": {"uv": [11, 13, 13, 15], "texture": "#1"}
			}
		},
		{
			"from": [9, 0, 8],
			"to": [10, 6, 9],
			"faces": {
				"north": {"uv": [6.5, 0.5, 8.5, 11.5], "texture": "#1"},
				"east": {"uv": [12.5, 0.5, 14.5, 11.5], "texture": "#1"},
				"south": {"uv": [10.5, 0.5, 12.5, 11.5], "texture": "#1"},
				"west": {"uv": [8.5, 0.5, 10.5, 11.5], "texture": "#1"},
				"up": {"uv": [1.5, 6.5, 3.5, 8.5], "texture": "#1"},
				"down": {"uv": [11, 13, 13, 15], "texture": "#1"}
			}
		},
		{
			"from": [9, 0, 3],
			"to": [10, 6, 4],
			"faces": {
				"north": {"uv": [6.5, 0.5, 8.5, 11.5], "texture": "#1"},
				"east": {"uv": [12.5, 0.5, 14.5, 11.5], "texture": "#1"},
				"south": {"uv": [10.5, 0.5, 12.5, 11.5], "texture": "#1"},
				"west": {"uv": [8.5, 0.5, 10.5, 11.5], "texture": "#1"},
				"up": {"uv": [1.5, 6.5, 3.5, 8.5], "texture": "#1"},
				"down": {"uv": [11, 13, 13, 15], "texture": "#1"}
			}
		},
		{
			"from": [4, 0, 3],
			"to": [5, 6, 4],
			"faces": {
				"north": {"uv": [6.5, 0.5, 8.5, 11.5], "texture": "#1"},
				"east": {"uv": [12.5, 0.5, 14.5, 11.5], "texture": "#1"},
				"south": {"uv": [10.5, 0.5, 12.5, 11.5], "texture": "#1"},
				"west": {"uv": [8.5, 0.5, 10.5, 11.5], "texture": "#1"},
				"up": {"uv": [1.5, 6.5, 3.5, 8.5], "texture": "#1"},
				"down": {"uv": [11, 13, 13, 15], "texture": "#1"}
			}
		},
		{
			"name": "Sitz",
			"from": [4, 6, 3],
			"to": [10, 7, 9],
			"faces": {
				"north": {"uv": [4, 5.5, 16, 7.5], "texture": "#1"},
				"east": {"uv": [0.5, 7, 12.5, 9], "texture": "#1"},
				"south": {"uv": [4, 5.5, 16, 7.5], "texture": "#1"},
				"west": {"uv": [1, 10.5, 13, 12.5], "texture": "#1"},
				"up": {"uv": [0, 2, 12, 14], "texture": "#1"},
				"down": {"uv": [0, 0, 16, 16], "texture": "#1"}
			}
		},
		{
			"from": [4, 7, 3],
			"to": [5, 14, 4],
			"faces": {
				"north": {"uv": [6.5, 0, 8.5, 13.5], "texture": "#1"},
				"east": {"uv": [4, 0, 6, 15.5], "texture": "#1"},
				"south": {"uv": [7.5, 0, 9.5, 13.5], "texture": "#1"},
				"west": {"uv": [6.5, 0, 8.5, 13.5], "texture": "#1"},
				"up": {"uv": [8, 3.5, 10, 6], "texture": "#1"},
				"down": {"uv": [0, 0, 0.5, 0.5], "texture": "#1"}
			}
		},
		{
			"from": [9, 7, 3],
			"to": [10, 14, 4],
			"faces": {
				"north": {"uv": [6.5, 0, 8.5, 13.5], "texture": "#1"},
				"east": {"uv": [6.5, 0, 8.5, 13.5], "texture": "#1"},
				"south": {"uv": [6.5, 0, 8.5, 13.5], "texture": "#1"},
				"west": {"uv": [6.5, 0, 8.5, 13.5], "texture": "#1"},
				"up": {"uv": [8, 3.5, 10, 6], "texture": "#1"},
				"down": {"uv": [0, 0, 0.5, 0.5], "texture": "#1"}
			}
		},
		{
			"from": [5, 13.5, 3],
			"to": [9, 14, 4],
			"faces": {
				"north": {"uv": [0.5, 2.5, 10, 3.75], "texture": "#1"},
				"east": {"uv": [4, 0, 6, 13.25], "texture": "#1"},
				"south": {"uv": [6.5, 11, 16, 12.25], "texture": "#1"},
				"west": {"uv": [0, 0, 0.5, 0.25], "texture": "#1"},
				"up": {"uv": [7, 5, 16, 7.5], "texture": "#1"},
				"down": {"uv": [0, 0, 9, 2.5], "texture": "#1"}
			}
		},
		{
			"from": [5, 10, 3],
			"to": [9, 10.5, 4],
			"faces": {
				"north": {"uv": [1, 3.5, 10.5, 4.75], "texture": "#1"},
				"east": {"uv": [4, 0, 6, 13.25], "texture": "#1"},
				"south": {"uv": [5.5, 11, 15, 12.25], "texture": "#1"},
				"west": {"uv": [0, 0, 0.5, 0.25], "texture": "#1"},
				"up": {"uv": [7, 5, 16, 7.5], "texture": "#1"},
				"down": {"uv": [0, 0, 9, 2.5], "texture": "#1"}
			}
		}
	],
	"display": {
		"head": {
			"translation": [2.75, -9.75, 4.75],
			"scale": [2.7, 2.7, 2.7]
		}
	},
	"groups": [
		{
			"name": "Beine",
			"origin": [0, 0, 0],
			"color": 0,
			"children": [0, 1, 2, 3]
		},
		4,
		{
			"name": "Rückenlehne",
			"origin": [0, 0, 0],
			"color": 0,
			"children": [5, 6, 7, 8]
		}
	]
}