{
    "acm2.guns.shoot-1": {
        "category": "hostile",
        "subtitle": "gun fire",
        "sounds": [
        "acm2/guns/shoot-1"
        ],
        "attenuation_distance": 3
    },
    "acm2.rush.battlefield-mcom-armed": {
        "category": "hostile",
        "subtitle": "mcom armed",
        "sounds": [
        "acm2/rush/battlefield-mcom-armed"
        ],
        "attenuation_distance": 2
    },
    "acm2.rush.battlefield-mcom-arming": {
        "category": "hostile",
        "subtitle": "mcom arming",
        "sounds": [
        "acm2/rush/battlefield-mcom-arming"
        ],
        "attenuation_distance": 2
    },
    "acm2.rush.battlefield-mcom-critical": {
        "category": "hostile",
        "subtitle": "mcom critical",
        "sounds": [
        "acm2/rush/battlefield-mcom-critical"
        ],
        "attenuation_distance": 2
    }
}