{
	"credit": "Made with Blockbench",
	"texture_size": [64, 64],
	"textures": {
		"0": "model/darker_grey",
		"1": "model/flag-red",
		"particle": "model/darker_grey"
	},
	"elements": [
		{
			"from": [8.375, 8.625, 7.875],
			"to": [9.6, 11.425, 8.125],
			"faces": {
				"north": {"uv": [0, 0, 0.30625, 0.7], "texture": "#1"},
				"east": {"uv": [0, 0, 0.0625, 0.7], "texture": "#1"},
				"south": {"uv": [0, 0, 0.30625, 0.7], "texture": "#1"},
				"west": {"uv": [0, 0, 0.0625, 0.7], "texture": "#1"},
				"up": {"uv": [0, 0, 0.30625, 0.0625], "texture": "#1"},
				"down": {"uv": [0, 0, 0.30625, 0.0625], "texture": "#1"}
			}
		},
		{
			"from": [8.375, 8.625, 7.875],
			"to": [9.6, 11.425, 8.125],
			"faces": {
				"north": {"uv": [0, 0, 0.30625, 0.7], "texture": "#1"},
				"east": {"uv": [0, 0, 0.0625, 0.7], "texture": "#1"},
				"south": {"uv": [0, 0, 0.30625, 0.7], "texture": "#1"},
				"west": {"uv": [0, 0, 0.0625, 0.7], "texture": "#1"},
				"up": {"uv": [0, 0, 0.30625, 0.0625], "texture": "#1"},
				"down": {"uv": [0, 0, 0.30625, 0.0625], "texture": "#1"}
			}
		},
		{
			"from": [11.35, 8.25, 7.875],
			"to": [12.575, 11.05, 8.125],
			"faces": {
				"north": {"uv": [0, 0, 0.30625, 0.7], "texture": "#1"},
				"east": {"uv": [0, 0, 0.0625, 0.7], "texture": "#1"},
				"south": {"uv": [0, 0, 0.30625, 0.7], "texture": "#1"},
				"west": {"uv": [0, 0, 0.0625, 0.7], "texture": "#1"},
				"up": {"uv": [0, 0, 0.30625, 0.0625], "texture": "#1"},
				"down": {"uv": [0, 0, 0.30625, 0.0625], "texture": "#1"}
			}
		},
		{
			"from": [11.35, 8.25, 7.875],
			"to": [12.575, 11.05, 8.125],
			"faces": {
				"north": {"uv": [0, 0, 0.30625, 0.7], "texture": "#1"},
				"east": {"uv": [0, 0, 0.0625, 0.7], "texture": "#1"},
				"south": {"uv": [0, 0, 0.30625, 0.7], "texture": "#1"},
				"west": {"uv": [0, 0, 0.0625, 0.7], "texture": "#1"},
				"up": {"uv": [0, 0, 0.30625, 0.0625], "texture": "#1"},
				"down": {"uv": [0, 0, 0.30625, 0.0625], "texture": "#1"}
			}
		},
		{
			"from": [9.58949, 7.47215, 7.875],
			"to": [11.48949, 8.67215, 8.125],
			"rotation": {"angle": -22.5, "axis": "z", "origin": [16.51449, 10.02215, 8]},
			"faces": {
				"north": {"uv": [0, 0, 0.475, 0.3], "texture": "#1"},
				"east": {"uv": [0, 0, 0.0625, 0.3], "texture": "#1"},
				"south": {"uv": [0, 0, 0.475, 0.3], "texture": "#1"},
				"west": {"uv": [0, 0, 0.0625, 0.3], "texture": "#1"},
				"up": {"uv": [0, 0, 0.475, 0.0625], "texture": "#1"},
				"down": {"uv": [0, 0, 0.475, 0.0625], "texture": "#1"}
			}
		},
		{
			"from": [10.57878, 6.32477, 7.875],
			"to": [12.47878, 7.52477, 8.125],
			"rotation": {"angle": -22.5, "axis": "z", "origin": [16.75378, 10.12477, 8]},
			"faces": {
				"north": {"uv": [0, 0, 0.475, 0.3], "texture": "#1"},
				"east": {"uv": [0, 0, 0.0625, 0.3], "texture": "#1"},
				"south": {"uv": [0, 0, 0.475, 0.3], "texture": "#1"},
				"west": {"uv": [0, 0, 0.0625, 0.3], "texture": "#1"},
				"up": {"uv": [0, 0, 0.475, 0.0625], "texture": "#1"},
				"down": {"uv": [0, 0, 0.475, 0.0625], "texture": "#1"}
			}
		},
		{
			"from": [10.02714, 9.85189, 7.875],
			"to": [11.92714, 11.05189, 8.125],
			"rotation": {"angle": 0, "axis": "z", "origin": [10.50214, 10.40189, 8]},
			"faces": {
				"north": {"uv": [0, 0, 0.475, 0.3], "texture": "#1"},
				"east": {"uv": [0, 0, 0.0625, 0.3], "texture": "#1"},
				"south": {"uv": [0, 0, 0.475, 0.3], "texture": "#1"},
				"west": {"uv": [0, 0, 0.0625, 0.3], "texture": "#1"},
				"up": {"uv": [0, 0, 0.475, 0.0625], "texture": "#1"},
				"down": {"uv": [0, 0, 0.475, 0.0625], "texture": "#1"}
			}
		},
		{
			"from": [9.40214, 8.62689, 7.875],
			"to": [11.30214, 10.20189, 8.125],
			"rotation": {"angle": 0, "axis": "y", "origin": [10.50214, 10.40189, 8]},
			"faces": {
				"north": {"uv": [0, 0, 0.475, 0.39375], "texture": "#1"},
				"east": {"uv": [0, 0, 0.0625, 0.39375], "texture": "#1"},
				"south": {"uv": [0, 0, 0.475, 0.39375], "texture": "#1"},
				"west": {"uv": [0, 0, 0.0625, 0.39375], "texture": "#1"},
				"up": {"uv": [0, 0, 0.475, 0.0625], "texture": "#1"},
				"down": {"uv": [0, 0, 0.475, 0.0625], "texture": "#1"}
			}
		},
		{
			"from": [10.02714, 8.82689, 7.875],
			"to": [11.92714, 10.02689, 8.125],
			"rotation": {"angle": 0, "axis": "y", "origin": [10.50214, 10.40189, 8]},
			"faces": {
				"north": {"uv": [0, 0, 0.475, 0.3], "texture": "#1"},
				"east": {"uv": [0, 0, 0.0625, 0.3], "texture": "#1"},
				"south": {"uv": [0, 0, 0.475, 0.3], "texture": "#1"},
				"west": {"uv": [0, 0, 0.0625, 0.3], "texture": "#1"},
				"up": {"uv": [0, 0, 0.475, 0.0625], "texture": "#1"},
				"down": {"uv": [0, 0, 0.475, 0.0625], "texture": "#1"}
			}
		},
		{
			"from": [7.75, -0.075, 7.75],
			"to": [8.25, 11.525, 8.25],
			"faces": {
				"north": {"uv": [0, 0, 0.125, 2.9], "texture": "#0"},
				"east": {"uv": [0, 0, 0.125, 2.9], "texture": "#0"},
				"south": {"uv": [0, 0, 0.125, 2.9], "texture": "#0"},
				"west": {"uv": [0, 0, 0.125, 2.9], "texture": "#0"},
				"up": {"uv": [0, 0, 0.125, 0.125], "texture": "#0"},
				"down": {"uv": [0, 0, 0.125, 0.125], "texture": "#0"}
			}
		},
		{
			"from": [7.875, -0.175, 7.875],
			"to": [8.125, 11.6, 8.125],
			"faces": {
				"north": {"uv": [0, 0, 0.0625, 2.94375], "texture": "#0"},
				"east": {"uv": [0, 0, 0.0625, 2.94375], "texture": "#0"},
				"south": {"uv": [0, 0, 0.0625, 2.94375], "texture": "#0"},
				"west": {"uv": [0, 0, 0.0625, 2.94375], "texture": "#0"},
				"up": {"uv": [0, 0, 0.0625, 0.0625], "texture": "#0"},
				"down": {"uv": [0, 0, 0.0625, 0.0625], "texture": "#0"}
			}
		},
		{
			"from": [7.625, 0, 7.875],
			"to": [8.375, 11.425, 8.125],
			"faces": {
				"north": {"uv": [0, 0, 0.1875, 2.85625], "texture": "#0"},
				"east": {"uv": [0, 0, 0.0625, 2.85625], "texture": "#0"},
				"south": {"uv": [0, 0, 0.1875, 2.85625], "texture": "#0"},
				"west": {"uv": [0, 0, 0.0625, 2.85625], "texture": "#0"},
				"up": {"uv": [0, 0, 0.1875, 0.0625], "texture": "#0"},
				"down": {"uv": [0, 0, 0.1875, 0.0625], "texture": "#0"}
			}
		},
		{
			"from": [7.875, 0, 7.625],
			"to": [8.125, 11.425, 8.375],
			"faces": {
				"north": {"uv": [0, 0, 0.0625, 2.85625], "texture": "#0"},
				"east": {"uv": [0, 0, 0.1875, 2.85625], "texture": "#0"},
				"south": {"uv": [0, 0, 0.0625, 2.85625], "texture": "#0"},
				"west": {"uv": [0, 0, 0.1875, 2.85625], "texture": "#0"},
				"up": {"uv": [0, 0, 0.0625, 0.1875], "texture": "#0"},
				"down": {"uv": [0, 0, 0.0625, 0.1875], "texture": "#0"}
			}
		}
	],
	"display": {
		"thirdperson_righthand": {
			"rotation": [90, 0, 0],
			"translation": [-6, -2, 8.5],
			"scale": [4, 4, 4]
		},
		"thirdperson_lefthand": {
			"rotation": [90, 0, 0],
			"translation": [-6, -2, 20.5],
			"scale": [4, 4, 4]
		},
		"ground": {
			"rotation": [8.5, 0, -3],
			"translation": [0, 25, 0],
			"scale": [4, 4, 4]
		},
		"gui": {
			"rotation": [0, 0, -37],
			"translation": [-0.25, 2.75, 0],
			"scale": [1.5, 1.5, 1.5]
		},
		"head": {
			"rotation": [1, -34, -26],
			"translation": [8.25, 0.25, 9.75],
			"scale": [4, 4, 4]
		},
		"fixed": {
			"rotation": [0, 0, -23],
			"translation": [0, 4.25, -2],
			"scale": [2, 2, 2]
		}
	},
	"groups": [
		{
			"name": "flag",
			"origin": [10.50214, 10.40189, 8],
			"color": 0,
			"children": [0, 1, 2, 3, 4, 5, 6, 7, 8]
		},
		{
			"name": "flagpole",
			"origin": [0, 0, 0],
			"color": 0,
			"children": [9, 10, 11, 12]
		}
	]
}