{
	"credit": "Made with Blockbench",
	"texture_size": [128, 128],
	"textures": {
		"1": "model/standard_body_fullblack",
		"2": "model/grey",
		"3": "model/darker_grey",
		"particle": "wood"
	},
	"elements": [
		{
			"from": [8.163, 1.83, 2.8],
			"to": [8.338, 1.93, 3.55],
			"rotation": {"angle": 45, "axis": "x", "origin": [8.15433, 0.44948, 2.55]},
			"faces": {
				"north": {"uv": [0, 0, 16, 16], "rotation": 90, "texture": "#2"},
				"east": {"uv": [0, 0, 16, 15.875], "rotation": 270, "texture": "#2"},
				"south": {"uv": [0, 0, 16, 16], "rotation": 270, "texture": "#2"},
				"west": {"uv": [0, 0, 16, 16], "rotation": 270, "texture": "#2"},
				"up": {"uv": [0, 0, 16, 16], "rotation": 270, "texture": "#2"},
				"down": {"uv": [0, 0, 16, 16], "rotation": 270, "texture": "#2"}
			}
		},
		{
			"from": [8.163, 1.21959, 3.39866],
			"to": [8.338, 1.31959, 3.77366],
			"rotation": {"angle": 0, "axis": "y", "origin": [8.15433, 0.46959, 2.54919]},
			"faces": {
				"north": {"uv": [0, 0, 16, 16], "rotation": 90, "texture": "#2"},
				"east": {"uv": [0, 0, 16, 15.875], "rotation": 270, "texture": "#2"},
				"south": {"uv": [0, 0, 16, 16], "rotation": 270, "texture": "#2"},
				"west": {"uv": [0, 0, 16, 16], "rotation": 270, "texture": "#2"},
				"up": {"uv": [0, 0, 16, 16], "rotation": 270, "texture": "#2"},
				"down": {"uv": [0, 0, 16, 16], "rotation": 270, "texture": "#2"}
			}
		},
		{
			"from": [8.14196, 1.32535, 3.29866],
			"to": [8.19196, 1.42535, 3.59866],
			"rotation": {"angle": 22.5, "axis": "z", "origin": [8.16696, 1.37535, 3.44866]},
			"faces": {
				"north": {"uv": [0, 0, 16, 16], "rotation": 90, "texture": "#2"},
				"east": {"uv": [0, 0, 16, 15.875], "rotation": 270, "texture": "#2"},
				"south": {"uv": [0, 0, 16, 16], "rotation": 270, "texture": "#2"},
				"west": {"uv": [0, 0, 16, 16], "rotation": 270, "texture": "#2"},
				"up": {"uv": [0, 0, 16, 16], "rotation": 270, "texture": "#2"},
				"down": {"uv": [0, 0, 16, 16], "rotation": 270, "texture": "#2"}
			}
		},
		{
			"from": [8.14196, 1.22535, 3.29866],
			"to": [8.19196, 1.32535, 3.59866],
			"rotation": {"angle": 22.5, "axis": "z", "origin": [8.16696, 1.37535, 3.44866]},
			"faces": {
				"north": {"uv": [0, 0, 16, 16], "rotation": 90, "texture": "#2"},
				"east": {"uv": [0, 0, 16, 15.875], "rotation": 270, "texture": "#2"},
				"south": {"uv": [0, 0, 16, 16], "rotation": 270, "texture": "#2"},
				"west": {"uv": [0, 0, 16, 16], "rotation": 270, "texture": "#2"},
				"up": {"uv": [0, 0, 16, 16], "rotation": 270, "texture": "#2"},
				"down": {"uv": [0, 0, 16, 16], "rotation": 270, "texture": "#2"}
			}
		},
		{
			"from": [8.32107, 1.38583, 3.29866],
			"to": [8.37107, 1.48583, 3.59866],
			"rotation": {"angle": -22.5, "axis": "z", "origin": [8.18803, 1.43583, 3.44866]},
			"faces": {
				"north": {"uv": [0, 0, 16, 16], "rotation": 90, "texture": "#2"},
				"east": {"uv": [0, 0, 16, 15.875], "rotation": 270, "texture": "#2"},
				"south": {"uv": [0, 0, 16, 16], "rotation": 270, "texture": "#2"},
				"west": {"uv": [0, 0, 16, 16], "rotation": 270, "texture": "#2"},
				"up": {"uv": [0, 0, 16, 16], "rotation": 270, "texture": "#2"},
				"down": {"uv": [0, 0, 16, 16], "rotation": 270, "texture": "#2"}
			}
		},
		{
			"from": [8.32107, 1.28583, 3.29866],
			"to": [8.37107, 1.38583, 3.59866],
			"rotation": {"angle": -22.5, "axis": "z", "origin": [8.18803, 1.43583, 3.44866]},
			"faces": {
				"north": {"uv": [0, 0, 16, 16], "rotation": 90, "texture": "#2"},
				"east": {"uv": [0, 0, 16, 15.875], "rotation": 270, "texture": "#2"},
				"south": {"uv": [0, 0, 16, 16], "rotation": 270, "texture": "#2"},
				"west": {"uv": [0, 0, 16, 16], "rotation": 270, "texture": "#2"},
				"up": {"uv": [0, 0, 16, 16], "rotation": 270, "texture": "#2"},
				"down": {"uv": [0, 0, 16, 16], "rotation": 270, "texture": "#2"}
			}
		},
		{
			"from": [8.163, 0.85, 3.39866],
			"to": [8.338, 0.925, 4.02366],
			"rotation": {"angle": 0, "axis": "y", "origin": [8.15433, 0.46959, 2.54919]},
			"faces": {
				"north": {"uv": [0, 0, 16, 16], "rotation": 90, "texture": "#2"},
				"east": {"uv": [0, 0, 16, 15.875], "rotation": 270, "texture": "#2"},
				"south": {"uv": [0, 0, 16, 16], "rotation": 270, "texture": "#2"},
				"west": {"uv": [0, 0, 16, 16], "rotation": 270, "texture": "#2"},
				"up": {"uv": [0, 0, 16, 16], "rotation": 270, "texture": "#2"},
				"down": {"uv": [0, 0, 16, 16], "rotation": 270, "texture": "#2"}
			}
		},
		{
			"from": [8.163, 0.56959, 3.29866],
			"to": [8.338, 1.31959, 3.39866],
			"rotation": {"angle": 0, "axis": "y", "origin": [8.15433, 0.41907, 2.54866]},
			"faces": {
				"north": {"uv": [0, 0, 16, 16], "rotation": 90, "texture": "#2"},
				"east": {"uv": [0, 0, 16, 15.875], "rotation": 180, "texture": "#2"},
				"south": {"uv": [0, 0, 16, 16], "rotation": 270, "texture": "#2"},
				"west": {"uv": [0, 0, 16, 16], "texture": "#2"},
				"up": {"uv": [0, 0, 16, 16], "rotation": 270, "texture": "#2"},
				"down": {"uv": [0, 0, 16, 16], "rotation": 270, "texture": "#2"}
			}
		},
		{
			"from": [8.163, 0.53, 4.29866],
			"to": [8.338, 1.03, 4.37366],
			"rotation": {"angle": 0, "axis": "y", "origin": [8.15433, 0.41907, 2.54866]},
			"faces": {
				"north": {"uv": [0, 0, 16, 16], "rotation": 90, "texture": "#2"},
				"east": {"uv": [0, 0, 16, 15.875], "rotation": 180, "texture": "#2"},
				"south": {"uv": [0, 0, 16, 16], "rotation": 270, "texture": "#2"},
				"west": {"uv": [0, 0, 16, 16], "texture": "#2"},
				"up": {"uv": [0, 0, 16, 16], "rotation": 270, "texture": "#2"},
				"down": {"uv": [0, 0, 16, 16], "rotation": 270, "texture": "#2"}
			}
		},
		{
			"from": [8.1, 0.365, 3.85],
			"to": [8.4, 0.865, 3.95],
			"rotation": {"angle": 0, "axis": "y", "origin": [8.15433, 0.41907, 2.54866]},
			"faces": {
				"north": {"uv": [0, 0, 16, 16], "rotation": 90, "texture": "#2"},
				"east": {"uv": [0, 0, 16, 15.875], "rotation": 180, "texture": "#2"},
				"south": {"uv": [0, 0, 16, 16], "rotation": 270, "texture": "#2"},
				"west": {"uv": [0, 0, 16, 16], "texture": "#2"},
				"up": {"uv": [0, 0, 16, 16], "rotation": 270, "texture": "#2"},
				"down": {"uv": [0, 0, 16, 16], "rotation": 270, "texture": "#2"}
			}
		},
		{
			"from": [8.1, 0.365, 4.1],
			"to": [8.4, 0.865, 4.2],
			"rotation": {"angle": 0, "axis": "y", "origin": [8.15433, 0.41907, 2.54866]},
			"faces": {
				"north": {"uv": [0, 0, 16, 16], "rotation": 90, "texture": "#2"},
				"east": {"uv": [0, 0, 16, 15.875], "rotation": 180, "texture": "#2"},
				"south": {"uv": [0, 0, 16, 16], "rotation": 270, "texture": "#2"},
				"west": {"uv": [0, 0, 16, 16], "texture": "#2"},
				"up": {"uv": [0, 0, 16, 16], "rotation": 270, "texture": "#2"},
				"down": {"uv": [0, 0, 16, 16], "rotation": 270, "texture": "#2"}
			}
		},
		{
			"from": [8.1, 0.365, 4.35],
			"to": [8.4, 0.865, 4.45],
			"rotation": {"angle": 0, "axis": "y", "origin": [8.15433, 0.41907, 2.54866]},
			"faces": {
				"north": {"uv": [0, 0, 16, 16], "rotation": 90, "texture": "#2"},
				"east": {"uv": [0, 0, 16, 15.875], "rotation": 180, "texture": "#2"},
				"south": {"uv": [0, 0, 16, 16], "rotation": 270, "texture": "#2"},
				"west": {"uv": [0, 0, 16, 16], "texture": "#2"},
				"up": {"uv": [0, 0, 16, 16], "rotation": 270, "texture": "#2"},
				"down": {"uv": [0, 0, 16, 16], "rotation": 270, "texture": "#2"}
			}
		},
		{
			"from": [8.1, 0.365, 4.6],
			"to": [8.4, 0.865, 4.7],
			"rotation": {"angle": 0, "axis": "y", "origin": [8.15433, 0.41907, 2.54866]},
			"faces": {
				"north": {"uv": [0, 0, 16, 16], "rotation": 90, "texture": "#2"},
				"east": {"uv": [0, 0, 16, 15.875], "rotation": 180, "texture": "#2"},
				"south": {"uv": [0, 0, 16, 16], "rotation": 270, "texture": "#2"},
				"west": {"uv": [0, 0, 16, 16], "texture": "#2"},
				"up": {"uv": [0, 0, 16, 16], "rotation": 270, "texture": "#2"},
				"down": {"uv": [0, 0, 16, 16], "rotation": 270, "texture": "#2"}
			}
		},
		{
			"from": [8.1, 0.365, 4.85],
			"to": [8.4, 0.865, 4.95],
			"rotation": {"angle": 0, "axis": "y", "origin": [8.15433, 0.41907, 2.54866]},
			"faces": {
				"north": {"uv": [0, 0, 16, 16], "rotation": 90, "texture": "#2"},
				"east": {"uv": [0, 0, 16, 15.875], "rotation": 180, "texture": "#2"},
				"south": {"uv": [0, 0, 16, 16], "rotation": 270, "texture": "#2"},
				"west": {"uv": [0, 0, 16, 16], "texture": "#2"},
				"up": {"uv": [0, 0, 16, 16], "rotation": 270, "texture": "#2"},
				"down": {"uv": [0, 0, 16, 16], "rotation": 270, "texture": "#2"}
			}
		},
		{
			"from": [8.1, 0.365, 5.1],
			"to": [8.4, 0.865, 5.2],
			"rotation": {"angle": 0, "axis": "y", "origin": [8.15433, 0.41907, 2.54866]},
			"faces": {
				"north": {"uv": [0, 0, 16, 16], "rotation": 90, "texture": "#2"},
				"east": {"uv": [0, 0, 16, 15.875], "rotation": 180, "texture": "#2"},
				"south": {"uv": [0, 0, 16, 16], "rotation": 270, "texture": "#2"},
				"west": {"uv": [0, 0, 16, 16], "texture": "#2"},
				"up": {"uv": [0, 0, 16, 16], "rotation": 270, "texture": "#2"},
				"down": {"uv": [0, 0, 16, 16], "rotation": 270, "texture": "#2"}
			}
		},
		{
			"from": [8.1, 0.365, 5.35],
			"to": [8.4, 0.865, 5.45],
			"rotation": {"angle": 0, "axis": "y", "origin": [8.15433, 0.41907, 2.54866]},
			"faces": {
				"north": {"uv": [0, 0, 16, 16], "rotation": 90, "texture": "#2"},
				"east": {"uv": [0, 0, 16, 15.875], "rotation": 180, "texture": "#2"},
				"south": {"uv": [0, 0, 16, 16], "rotation": 270, "texture": "#2"},
				"west": {"uv": [0, 0, 16, 16], "texture": "#2"},
				"up": {"uv": [0, 0, 16, 16], "rotation": 270, "texture": "#2"},
				"down": {"uv": [0, 0, 16, 16], "rotation": 270, "texture": "#2"}
			}
		},
		{
			"from": [8.1, 0.365, 5.6],
			"to": [8.4, 0.865, 5.7],
			"rotation": {"angle": 0, "axis": "y", "origin": [8.15433, 0.41907, 2.54866]},
			"faces": {
				"north": {"uv": [0, 0, 16, 16], "rotation": 90, "texture": "#2"},
				"east": {"uv": [0, 0, 16, 15.875], "rotation": 180, "texture": "#2"},
				"south": {"uv": [0, 0, 16, 16], "rotation": 270, "texture": "#2"},
				"west": {"uv": [0, 0, 16, 16], "texture": "#2"},
				"up": {"uv": [0, 0, 16, 16], "rotation": 270, "texture": "#2"},
				"down": {"uv": [0, 0, 16, 16], "rotation": 270, "texture": "#2"}
			}
		},
		{
			"from": [8.1, 0.365, 5.85],
			"to": [8.4, 0.865, 5.95],
			"rotation": {"angle": 0, "axis": "y", "origin": [8.15433, 0.41907, 2.54866]},
			"faces": {
				"north": {"uv": [0, 0, 16, 16], "rotation": 90, "texture": "#2"},
				"east": {"uv": [0, 0, 16, 15.875], "rotation": 180, "texture": "#2"},
				"south": {"uv": [0, 0, 16, 16], "rotation": 270, "texture": "#2"},
				"west": {"uv": [0, 0, 16, 16], "texture": "#2"},
				"up": {"uv": [0, 0, 16, 16], "rotation": 270, "texture": "#2"},
				"down": {"uv": [0, 0, 16, 16], "rotation": 270, "texture": "#2"}
			}
		},
		{
			"from": [8.1, 0.365, 6.1],
			"to": [8.4, 0.865, 6.2],
			"rotation": {"angle": 0, "axis": "y", "origin": [8.15433, 0.41907, 2.54866]},
			"faces": {
				"north": {"uv": [0, 0, 16, 16], "rotation": 90, "texture": "#2"},
				"east": {"uv": [0, 0, 16, 15.875], "rotation": 180, "texture": "#2"},
				"south": {"uv": [0, 0, 16, 16], "rotation": 270, "texture": "#2"},
				"west": {"uv": [0, 0, 16, 16], "texture": "#2"},
				"up": {"uv": [0, 0, 16, 16], "rotation": 270, "texture": "#2"},
				"down": {"uv": [0, 0, 16, 16], "rotation": 270, "texture": "#2"}
			}
		},
		{
			"from": [8.1, 0.365, 6.35],
			"to": [8.4, 0.865, 6.45],
			"rotation": {"angle": 0, "axis": "y", "origin": [8.15433, 0.41907, 2.54866]},
			"faces": {
				"north": {"uv": [0, 0, 16, 16], "rotation": 90, "texture": "#2"},
				"east": {"uv": [0, 0, 16, 15.875], "rotation": 180, "texture": "#2"},
				"south": {"uv": [0, 0, 16, 16], "rotation": 270, "texture": "#2"},
				"west": {"uv": [0, 0, 16, 16], "texture": "#2"},
				"up": {"uv": [0, 0, 16, 16], "rotation": 270, "texture": "#2"},
				"down": {"uv": [0, 0, 16, 16], "rotation": 270, "texture": "#2"}
			}
		},
		{
			"from": [8.1, 0.365, 6.6],
			"to": [8.4, 0.865, 6.7],
			"rotation": {"angle": 0, "axis": "y", "origin": [8.15433, 0.41907, 2.54866]},
			"faces": {
				"north": {"uv": [0, 0, 16, 16], "rotation": 90, "texture": "#2"},
				"east": {"uv": [0, 0, 16, 15.875], "rotation": 180, "texture": "#2"},
				"south": {"uv": [0, 0, 16, 16], "rotation": 270, "texture": "#2"},
				"west": {"uv": [0, 0, 16, 16], "texture": "#2"},
				"up": {"uv": [0, 0, 16, 16], "rotation": 270, "texture": "#2"},
				"down": {"uv": [0, 0, 16, 16], "rotation": 270, "texture": "#2"}
			}
		},
		{
			"from": [8.163, 0.53, 4.54866],
			"to": [8.338, 1.03, 4.62366],
			"rotation": {"angle": 0, "axis": "y", "origin": [8.15433, 0.41907, 2.54866]},
			"faces": {
				"north": {"uv": [0, 0, 16, 16], "rotation": 90, "texture": "#2"},
				"east": {"uv": [0, 0, 16, 15.875], "rotation": 180, "texture": "#2"},
				"south": {"uv": [0, 0, 16, 16], "rotation": 270, "texture": "#2"},
				"west": {"uv": [0, 0, 16, 16], "texture": "#2"},
				"up": {"uv": [0, 0, 16, 16], "rotation": 270, "texture": "#2"},
				"down": {"uv": [0, 0, 16, 16], "rotation": 270, "texture": "#2"}
			}
		},
		{
			"from": [8.163, 0.53, 4.79866],
			"to": [8.338, 1.03, 4.87366],
			"rotation": {"angle": 0, "axis": "y", "origin": [8.15433, 0.41907, 2.54866]},
			"faces": {
				"north": {"uv": [0, 0, 16, 16], "rotation": 90, "texture": "#2"},
				"east": {"uv": [0, 0, 16, 15.875], "rotation": 180, "texture": "#2"},
				"south": {"uv": [0, 0, 16, 16], "rotation": 270, "texture": "#2"},
				"west": {"uv": [0, 0, 16, 16], "texture": "#2"},
				"up": {"uv": [0, 0, 16, 16], "rotation": 270, "texture": "#2"},
				"down": {"uv": [0, 0, 16, 16], "rotation": 270, "texture": "#2"}
			}
		},
		{
			"from": [8.163, 0.53, 5.04866],
			"to": [8.338, 1.03, 5.12366],
			"rotation": {"angle": 0, "axis": "y", "origin": [8.15433, 0.41907, 2.54866]},
			"faces": {
				"north": {"uv": [0, 0, 16, 16], "rotation": 90, "texture": "#2"},
				"east": {"uv": [0, 0, 16, 15.875], "rotation": 180, "texture": "#2"},
				"south": {"uv": [0, 0, 16, 16], "rotation": 270, "texture": "#2"},
				"west": {"uv": [0, 0, 16, 16], "texture": "#2"},
				"up": {"uv": [0, 0, 16, 16], "rotation": 270, "texture": "#2"},
				"down": {"uv": [0, 0, 16, 16], "rotation": 270, "texture": "#2"}
			}
		},
		{
			"from": [8.163, 0.53, 5.29866],
			"to": [8.338, 1.03, 5.37366],
			"rotation": {"angle": 0, "axis": "y", "origin": [8.15433, 0.41907, 2.54866]},
			"faces": {
				"north": {"uv": [0, 0, 16, 16], "rotation": 90, "texture": "#2"},
				"east": {"uv": [0, 0, 16, 15.875], "rotation": 180, "texture": "#2"},
				"south": {"uv": [0, 0, 16, 16], "rotation": 270, "texture": "#2"},
				"west": {"uv": [0, 0, 16, 16], "texture": "#2"},
				"up": {"uv": [0, 0, 16, 16], "rotation": 270, "texture": "#2"},
				"down": {"uv": [0, 0, 16, 16], "rotation": 270, "texture": "#2"}
			}
		},
		{
			"from": [8.163, 0.53, 5.54866],
			"to": [8.338, 1.03, 5.62366],
			"rotation": {"angle": 0, "axis": "y", "origin": [8.15433, 0.41907, 2.54866]},
			"faces": {
				"north": {"uv": [0, 0, 16, 16], "rotation": 90, "texture": "#2"},
				"east": {"uv": [0, 0, 16, 15.875], "rotation": 180, "texture": "#2"},
				"south": {"uv": [0, 0, 16, 16], "rotation": 270, "texture": "#2"},
				"west": {"uv": [0, 0, 16, 16], "texture": "#2"},
				"up": {"uv": [0, 0, 16, 16], "rotation": 270, "texture": "#2"},
				"down": {"uv": [0, 0, 16, 16], "rotation": 270, "texture": "#2"}
			}
		},
		{
			"from": [8.163, 0.53, 5.79866],
			"to": [8.338, 1.03, 5.87366],
			"rotation": {"angle": 0, "axis": "y", "origin": [8.15433, 0.41907, 2.54866]},
			"faces": {
				"north": {"uv": [0, 0, 16, 16], "rotation": 90, "texture": "#2"},
				"east": {"uv": [0, 0, 16, 15.875], "rotation": 180, "texture": "#2"},
				"south": {"uv": [0, 0, 16, 16], "rotation": 270, "texture": "#2"},
				"west": {"uv": [0, 0, 16, 16], "texture": "#2"},
				"up": {"uv": [0, 0, 16, 16], "rotation": 270, "texture": "#2"},
				"down": {"uv": [0, 0, 16, 16], "rotation": 270, "texture": "#2"}
			}
		},
		{
			"from": [8.163, 0.53, 6.04866],
			"to": [8.338, 1.03, 6.12366],
			"rotation": {"angle": 0, "axis": "y", "origin": [8.15433, 0.41907, 2.54866]},
			"faces": {
				"north": {"uv": [0, 0, 16, 16], "rotation": 90, "texture": "#2"},
				"east": {"uv": [0, 0, 16, 15.875], "rotation": 180, "texture": "#2"},
				"south": {"uv": [0, 0, 16, 16], "rotation": 270, "texture": "#2"},
				"west": {"uv": [0, 0, 16, 16], "texture": "#2"},
				"up": {"uv": [0, 0, 16, 16], "rotation": 270, "texture": "#2"},
				"down": {"uv": [0, 0, 16, 16], "rotation": 270, "texture": "#2"}
			}
		},
		{
			"from": [8.163, 0.53, 6.29866],
			"to": [8.338, 1.03, 6.37366],
			"rotation": {"angle": 0, "axis": "y", "origin": [8.15433, 0.41907, 2.54866]},
			"faces": {
				"north": {"uv": [0, 0, 16, 16], "rotation": 90, "texture": "#2"},
				"east": {"uv": [0, 0, 16, 15.875], "rotation": 180, "texture": "#2"},
				"south": {"uv": [0, 0, 16, 16], "rotation": 270, "texture": "#2"},
				"west": {"uv": [0, 0, 16, 16], "texture": "#2"},
				"up": {"uv": [0, 0, 16, 16], "rotation": 270, "texture": "#2"},
				"down": {"uv": [0, 0, 16, 16], "rotation": 270, "texture": "#2"}
			}
		},
		{
			"from": [8.163, 0.53, 6.54866],
			"to": [8.338, 1.03, 6.62366],
			"rotation": {"angle": 0, "axis": "y", "origin": [8.15433, 0.41907, 2.54866]},
			"faces": {
				"north": {"uv": [0, 0, 16, 16], "rotation": 90, "texture": "#2"},
				"east": {"uv": [0, 0, 16, 15.875], "rotation": 180, "texture": "#2"},
				"south": {"uv": [0, 0, 16, 16], "rotation": 270, "texture": "#2"},
				"west": {"uv": [0, 0, 16, 16], "texture": "#2"},
				"up": {"uv": [0, 0, 16, 16], "rotation": 270, "texture": "#2"},
				"down": {"uv": [0, 0, 16, 16], "rotation": 270, "texture": "#2"}
			}
		},
		{
			"from": [8.05, 0.75, 7],
			"to": [8.45, 1.05, 7.05],
			"rotation": {"angle": 0, "axis": "y", "origin": [8.25, 1.3, 8.5]},
			"faces": {
				"north": {"uv": [0, 0, 16, 16], "texture": "#3"},
				"east": {"uv": [16, 0, 0, 16], "texture": "#3"},
				"south": {"uv": [0, 0, 16, 16], "texture": "#3"},
				"west": {"uv": [16, 0, 0, 16], "texture": "#3"},
				"up": {"uv": [0, 0, 16, 16], "texture": "#3"},
				"down": {"uv": [0, 0, 16, 16], "texture": "#3"}
			}
		},
		{
			"from": [8.05, 0.48781, 7.22632],
			"to": [8.45, 0.78781, 7.27632],
			"rotation": {"angle": 22.5, "axis": "x", "origin": [8.25, 1.33781, 8.52632]},
			"faces": {
				"north": {"uv": [0, 0, 16, 16], "texture": "#3"},
				"east": {"uv": [16, 0, 0, 16], "texture": "#3"},
				"south": {"uv": [0, 0, 16, 16], "texture": "#3"},
				"west": {"uv": [16, 0, 0, 16], "texture": "#3"},
				"up": {"uv": [0, 0, 16, 16], "texture": "#3"},
				"down": {"uv": [0, 0, 16, 16], "texture": "#3"}
			}
		},
		{
			"from": [8.05, 1.77778, 7.23162],
			"to": [8.45, 1.82778, 7.40162],
			"rotation": {"angle": -22.5, "axis": "x", "origin": [8.25, 1.28383, 8.43159]},
			"faces": {
				"north": {"uv": [0, 0, 16, 16], "rotation": 180, "texture": "#3"},
				"east": {"uv": [16, 0, 0, 16], "rotation": 270, "texture": "#3"},
				"south": {"uv": [0, 0, 16, 16], "texture": "#3"},
				"west": {"uv": [16, 0, 0, 16], "rotation": 90, "texture": "#3"},
				"up": {"uv": [0, 0, 16, 16], "rotation": 180, "texture": "#3"},
				"down": {"uv": [0, 0, 16, 16], "texture": "#3"}
			}
		},
		{
			"from": [8.05, 1.68606, 7.1923],
			"to": [8.45, 1.73606, 7.3923],
			"rotation": {"angle": -22.5, "axis": "x", "origin": [8.25, 1.23605, 8.39227]},
			"faces": {
				"north": {"uv": [0, 0, 16, 16], "rotation": 180, "texture": "#3"},
				"east": {"uv": [16, 0, 0, 16], "rotation": 270, "texture": "#3"},
				"south": {"uv": [0, 0, 16, 16], "texture": "#3"},
				"west": {"uv": [16, 0, 0, 16], "rotation": 90, "texture": "#3"},
				"up": {"uv": [0, 0, 16, 16], "rotation": 180, "texture": "#3"},
				"down": {"uv": [0, 0, 16, 16], "texture": "#3"}
			}
		},
		{
			"from": [8.05, 1.27716, 7.11481],
			"to": [8.45, 1.32716, 7.28481],
			"rotation": {"angle": 0, "axis": "y", "origin": [8.25, 1.22877, 8.41473]},
			"faces": {
				"north": {"uv": [0, 0, 16, 16], "rotation": 180, "texture": "#3"},
				"east": {"uv": [16, 0, 0, 16], "rotation": 270, "texture": "#3"},
				"south": {"uv": [0, 0, 16, 16], "texture": "#3"},
				"west": {"uv": [16, 0, 0, 16], "rotation": 90, "texture": "#3"},
				"up": {"uv": [0, 0, 16, 16], "rotation": 180, "texture": "#3"},
				"down": {"uv": [0, 0, 16, 16], "texture": "#3"}
			}
		},
		{
			"from": [8.05, 1.25, 7.25],
			"to": [8.45, 1.35, 9.5],
			"rotation": {"angle": 0, "axis": "y", "origin": [8.25, 1.3, 8.5]},
			"faces": {
				"north": {"uv": [0, 0, 16, 16], "texture": "#3"},
				"east": {"uv": [16, 0, 0, 16], "texture": "#3"},
				"south": {"uv": [0, 0, 16, 16], "texture": "#3"},
				"west": {"uv": [16, 0, 0, 16], "texture": "#3"},
				"up": {"uv": [0, 0, 16, 16], "texture": "#3"},
				"down": {"uv": [0, 0, 16, 16], "texture": "#3"}
			}
		},
		{
			"from": [8.05, 0.54231, 9.25008],
			"to": [8.45, 0.93231, 9.30008],
			"rotation": {"angle": -22.5, "axis": "x", "origin": [8.25, 1.39231, 8.40011]},
			"faces": {
				"north": {"uv": [0, 0, 16, 16], "texture": "#3"},
				"east": {"uv": [16, 0, 0, 16], "texture": "#3"},
				"south": {"uv": [0, 0, 16, 16], "texture": "#3"},
				"west": {"uv": [16, 0, 0, 16], "texture": "#3"},
				"up": {"uv": [0, 0, 16, 16], "texture": "#3"},
				"down": {"uv": [0, 0, 16, 16], "texture": "#3"}
			}
		},
		{
			"from": [8.05, 0.54231, 9.35008],
			"to": [8.45, 0.93231, 9.40008],
			"rotation": {"angle": -22.5, "axis": "x", "origin": [8.25, 1.39231, 8.40011]},
			"faces": {
				"north": {"uv": [0, 0, 16, 16], "texture": "#3"},
				"east": {"uv": [16, 0, 0, 16], "texture": "#3"},
				"south": {"uv": [0, 0, 16, 16], "texture": "#3"},
				"west": {"uv": [16, 0, 0, 16], "texture": "#3"},
				"up": {"uv": [0, 0, 16, 16], "texture": "#3"},
				"down": {"uv": [0, 0, 16, 16], "texture": "#3"}
			}
		},
		{
			"from": [8.05, 1.73556, 7.20976],
			"to": [8.45, 1.78556, 7.37976],
			"rotation": {"angle": -22.5, "axis": "x", "origin": [8.25, 1.24161, 8.40973]},
			"faces": {
				"north": {"uv": [0, 0, 16, 16], "rotation": 180, "texture": "#3"},
				"east": {"uv": [16, 0, 0, 16], "rotation": 270, "texture": "#3"},
				"south": {"uv": [0, 0, 16, 16], "texture": "#3"},
				"west": {"uv": [16, 0, 0, 16], "rotation": 90, "texture": "#3"},
				"up": {"uv": [0, 0, 16, 16], "rotation": 180, "texture": "#3"},
				"down": {"uv": [0, 0, 16, 16], "texture": "#3"}
			}
		},
		{
			"from": [8.05, 0.49503, 9.42131],
			"to": [8.15, 0.99503, 9.52131],
			"rotation": {"angle": -22.5, "axis": "x", "origin": [8.25, 1.19503, 8.52317]},
			"faces": {
				"north": {"uv": [0, 0, 16, 16], "texture": "#3"},
				"east": {"uv": [16, 0, 0, 16], "texture": "#3"},
				"south": {"uv": [0, 0, 16, 16], "texture": "#3"},
				"west": {"uv": [16, 0, 0, 16], "texture": "#3"},
				"up": {"uv": [0, 0, 16, 16], "texture": "#3"},
				"down": {"uv": [0, 0, 16, 16], "texture": "#3"}
			}
		},
		{
			"from": [8.05, 1.29222, 7.27186],
			"to": [8.15, 1.39222, 9.52186],
			"rotation": {"angle": 0, "axis": "y", "origin": [8.25, 1.24222, 8.52186]},
			"faces": {
				"north": {"uv": [0, 0, 16, 16], "texture": "#3"},
				"east": {"uv": [16, 0, 0, 16], "texture": "#3"},
				"south": {"uv": [0, 0, 16, 16], "texture": "#3"},
				"west": {"uv": [16, 0, 0, 16], "texture": "#3"},
				"up": {"uv": [0, 0, 16, 16], "texture": "#3"},
				"down": {"uv": [0, 0, 16, 16], "texture": "#3"}
			}
		},
		{
			"from": [8.35, 0.49503, 9.42131],
			"to": [8.45, 0.99503, 9.52131],
			"rotation": {"angle": -22.5, "axis": "x", "origin": [8.25, 1.19503, 8.52317]},
			"faces": {
				"north": {"uv": [0, 0, 16, 16], "texture": "#3"},
				"east": {"uv": [16, 0, 0, 16], "texture": "#3"},
				"south": {"uv": [0, 0, 16, 16], "texture": "#3"},
				"west": {"uv": [16, 0, 0, 16], "texture": "#3"},
				"up": {"uv": [0, 0, 16, 16], "texture": "#3"},
				"down": {"uv": [0, 0, 16, 16], "texture": "#3"}
			}
		},
		{
			"from": [8.35, 1.29222, 7.27186],
			"to": [8.45, 1.39222, 9.52186],
			"rotation": {"angle": 0, "axis": "y", "origin": [8.25, 1.24222, 8.52186]},
			"faces": {
				"north": {"uv": [0, 0, 16, 16], "texture": "#3"},
				"east": {"uv": [16, 0, 0, 16], "texture": "#3"},
				"south": {"uv": [0, 0, 16, 16], "texture": "#3"},
				"west": {"uv": [16, 0, 0, 16], "texture": "#3"},
				"up": {"uv": [0, 0, 16, 16], "texture": "#3"},
				"down": {"uv": [0, 0, 16, 16], "texture": "#3"}
			}
		},
		{
			"from": [8.025, 0.6, 10.2],
			"to": [8.475, 0.8, 13.2],
			"rotation": {"angle": 0, "axis": "y", "origin": [0, 0, 0.2]},
			"faces": {
				"north": {"uv": [0, 0, 16, 16], "texture": "#2"},
				"east": {"uv": [0, 0, 16, 16], "texture": "#2"},
				"south": {"uv": [0, 0, 16, 16], "texture": "#2"},
				"west": {"uv": [0, 0, 16, 16], "texture": "#2"},
				"up": {"uv": [0, 0, 16, 16], "texture": "#2"},
				"down": {"uv": [0, 0, 16, 16], "texture": "#2"}
			}
		},
		{
			"from": [8.05, 0.55, 10.2],
			"to": [8.45, 0.85, 13.2],
			"rotation": {"angle": 0, "axis": "y", "origin": [0, 0, 0.2]},
			"faces": {
				"north": {"uv": [0, 0, 16, 16], "texture": "#2"},
				"east": {"uv": [0, 0, 16, 16], "texture": "#2"},
				"south": {"uv": [0, 0, 16, 16], "texture": "#2"},
				"west": {"uv": [0, 0, 16, 16], "texture": "#2"},
				"up": {"uv": [0, 0, 16, 16], "texture": "#2"},
				"down": {"uv": [0, 0, 16, 16], "texture": "#2"}
			}
		},
		{
			"from": [8.1, 0.5, 10.2],
			"to": [8.4, 0.9, 13.2],
			"rotation": {"angle": 0, "axis": "y", "origin": [0, 0, 0.2]},
			"faces": {
				"north": {"uv": [0, 0, 16, 16], "texture": "#2"},
				"east": {"uv": [0, 0, 16, 16], "texture": "#2"},
				"south": {"uv": [0, 0, 16, 16], "texture": "#2"},
				"west": {"uv": [0, 0, 16, 16], "texture": "#2"},
				"up": {"uv": [0, 0, 16, 16], "texture": "#2"},
				"down": {"uv": [0, 0, 16, 16], "texture": "#2"}
			}
		},
		{
			"from": [8.15, 0.475, 10.2],
			"to": [8.35, 0.925, 13.2],
			"rotation": {"angle": 0, "axis": "y", "origin": [0, 0, 0.2]},
			"faces": {
				"north": {"uv": [0, 0, 16, 16], "texture": "#2"},
				"east": {"uv": [0, 0, 16, 16], "texture": "#2"},
				"south": {"uv": [0, 0, 16, 16], "texture": "#2"},
				"west": {"uv": [0, 0, 16, 16], "texture": "#2"},
				"up": {"uv": [0, 0, 16, 16], "texture": "#2"},
				"down": {"uv": [0, 0, 16, 16], "texture": "#2"}
			}
		},
		{
			"from": [8.05, 0.55, 10.2],
			"to": [8.45, 0.85, 13.2],
			"rotation": {"angle": 0, "axis": "y", "origin": [0, 0, 0.2]},
			"faces": {
				"north": {"uv": [0, 0, 16, 16], "texture": "#2"},
				"east": {"uv": [0, 0, 16, 16], "texture": "#2"},
				"south": {"uv": [0, 0, 16, 16], "texture": "#2"},
				"west": {"uv": [0, 0, 16, 16], "texture": "#2"},
				"up": {"uv": [0, 0, 16, 16], "texture": "#2"},
				"down": {"uv": [0, 0, 16, 16], "texture": "#2"}
			}
		},
		{
			"from": [8.1, 0.6, 9.6],
			"to": [8.4, 0.8, 12.6],
			"rotation": {"angle": 0, "axis": "y", "origin": [0, 0, 0.2]},
			"faces": {
				"north": {"uv": [0, 0, 16, 16], "texture": "#2"},
				"east": {"uv": [0, 0, 16, 16], "texture": "#2"},
				"south": {"uv": [0, 0, 16, 16], "texture": "#2"},
				"west": {"uv": [0, 0, 16, 16], "texture": "#2"},
				"up": {"uv": [0, 0, 16, 16], "texture": "#2"},
				"down": {"uv": [0, 0, 16, 16], "texture": "#2"}
			}
		},
		{
			"from": [8.125, 0.575, 9.6],
			"to": [8.375, 0.825, 12.6],
			"rotation": {"angle": 0, "axis": "y", "origin": [0, 0, 0.2]},
			"faces": {
				"north": {"uv": [0, 0, 16, 16], "texture": "#2"},
				"east": {"uv": [0, 0, 16, 16], "texture": "#2"},
				"south": {"uv": [0, 0, 16, 16], "texture": "#2"},
				"west": {"uv": [0, 0, 16, 16], "texture": "#2"},
				"up": {"uv": [0, 0, 16, 16], "texture": "#2"},
				"down": {"uv": [0, 0, 16, 16], "texture": "#2"}
			}
		},
		{
			"from": [8, -0.3, 12.9],
			"to": [8.5, 0.95, 13.2],
			"rotation": {"angle": 0, "axis": "y", "origin": [0, 0, 0.2]},
			"faces": {
				"north": {"uv": [0, 0, 16, 16], "texture": "#2"},
				"east": {"uv": [0, 0, 16, 16], "texture": "#2"},
				"south": {"uv": [0, 0, 16, 16], "texture": "#2"},
				"west": {"uv": [0, 0, 16, 16], "texture": "#2"},
				"up": {"uv": [0, 0, 16, 16], "texture": "#2"},
				"down": {"uv": [0, 0, 16, 16], "texture": "#2"}
			}
		},
		{
			"from": [8, -0.27305, 13.03551],
			"to": [8.5, 0.02695, 13.13551],
			"rotation": {"angle": -22.5, "axis": "x", "origin": [8.25, 0.12695, 13.18551]},
			"faces": {
				"north": {"uv": [0, 0, 16, 16], "texture": "#2"},
				"east": {"uv": [0, 0, 16, 16], "texture": "#2"},
				"south": {"uv": [0, 0, 16, 16], "texture": "#2"},
				"west": {"uv": [0, 0, 16, 16], "texture": "#2"},
				"up": {"uv": [0, 0, 16, 16], "texture": "#2"},
				"down": {"uv": [0, 0, 16, 16], "texture": "#2"}
			}
		},
		{
			"from": [8.05, 4.71571, 9.83704],
			"to": [8.45, 4.81571, 12.18704],
			"rotation": {"angle": 22.5, "axis": "x", "origin": [0, 0.36571, 0.18704]},
			"faces": {
				"north": {"uv": [0, 0, 16, 16], "texture": "#2"},
				"east": {"uv": [0, 0, 16, 16], "texture": "#2"},
				"south": {"uv": [0, 0, 16, 16], "texture": "#2"},
				"west": {"uv": [0, 0, 16, 16], "texture": "#2"},
				"up": {"uv": [0, 0, 16, 16], "texture": "#2"},
				"down": {"uv": [0, 0, 16, 16], "texture": "#2"}
			}
		},
		{
			"from": [8.05, 4.61571, 9.48704],
			"to": [8.45, 4.71571, 12.18704],
			"rotation": {"angle": 22.5, "axis": "x", "origin": [0, 0.36571, 0.18704]},
			"faces": {
				"north": {"uv": [0, 0, 16, 16], "texture": "#2"},
				"east": {"uv": [0, 0, 16, 16], "texture": "#2"},
				"south": {"uv": [0, 0, 16, 16], "texture": "#2"},
				"west": {"uv": [0, 0, 16, 16], "texture": "#2"},
				"up": {"uv": [0, 0, 16, 16], "texture": "#2"},
				"down": {"uv": [0, 0, 16, 16], "texture": "#2"}
			}
		},
		{
			"from": [8.076, -1.3772, 7.145],
			"to": [8.436, -0.8772, 7.945],
			"rotation": {"angle": 22.5, "axis": "x", "origin": [8.25, -0.5272, 7.50426]},
			"faces": {
				"north": {"uv": [2.875, 8.25, 10.625, 16], "texture": "#3"},
				"east": {"uv": [2.875, 8.25, 10.625, 16], "texture": "#3"},
				"south": {"uv": [2.875, 8.25, 10.625, 16], "texture": "#3"},
				"west": {"uv": [2.875, 8.25, 10.625, 16], "texture": "#3"},
				"up": {"uv": [2.875, 8.25, 10.625, 16], "texture": "#3"},
				"down": {"uv": [2.875, 8.25, 10.625, 16], "texture": "#3"}
			}
		},
		{
			"from": [8.076, -0.90182, 7.2116],
			"to": [8.436, -0.70182, 8.0116],
			"rotation": {"angle": 22.5, "axis": "x", "origin": [8.25, -0.3697, 7.55832]},
			"faces": {
				"north": {"uv": [2.875, 8.25, 10.625, 16], "texture": "#3"},
				"east": {"uv": [2.875, 8.25, 10.625, 16], "texture": "#3"},
				"south": {"uv": [2.875, 8.25, 10.625, 16], "texture": "#3"},
				"west": {"uv": [2.875, 8.25, 10.625, 16], "texture": "#3"},
				"up": {"uv": [2.875, 8.25, 10.625, 16], "texture": "#3"},
				"down": {"uv": [2.875, 8.25, 10.625, 16], "texture": "#3"}
			}
		},
		{
			"from": [8.076, -0.71788, 7.05],
			"to": [8.436, -0.21788, 7.85],
			"rotation": {"angle": 0, "axis": "y", "origin": [8.25, -0.41788, 7.64672]},
			"faces": {
				"north": {"uv": [2.875, 8.25, 10.625, 16], "texture": "#3"},
				"east": {"uv": [2.875, 8.25, 10.625, 16], "texture": "#3"},
				"south": {"uv": [2.875, 8.25, 10.625, 16], "texture": "#3"},
				"west": {"uv": [2.875, 8.25, 10.625, 16], "texture": "#3"},
				"up": {"uv": [2.875, 8.25, 10.625, 16], "texture": "#3"},
				"down": {"uv": [2.875, 8.25, 10.625, 16], "texture": "#3"}
			}
		},
		{
			"from": [8.076, -0.85, 7.05],
			"to": [8.436, -0.65, 7.85],
			"rotation": {"angle": 0, "axis": "y", "origin": [8.25, -0.41788, 7.64672]},
			"faces": {
				"north": {"uv": [2.875, 8.25, 10.625, 16], "texture": "#3"},
				"east": {"uv": [2.875, 8.25, 10.625, 16], "texture": "#3"},
				"south": {"uv": [2.875, 8.25, 10.625, 16], "texture": "#3"},
				"west": {"uv": [2.875, 8.25, 10.625, 16], "texture": "#3"},
				"up": {"uv": [2.875, 8.25, 10.625, 16], "texture": "#3"},
				"down": {"uv": [2.875, 8.25, 10.625, 16], "texture": "#3"}
			}
		},
		{
			"from": [8.076, -0.46788, 7.05],
			"to": [8.436, 0.03212, 7.85],
			"rotation": {"angle": 0, "axis": "y", "origin": [8.25, -0.41788, 7.64672]},
			"faces": {
				"north": {"uv": [2.875, 8.25, 10.625, 16], "texture": "#3"},
				"east": {"uv": [2.875, 8.25, 10.625, 16], "texture": "#3"},
				"south": {"uv": [2.875, 8.25, 10.625, 16], "texture": "#3"},
				"west": {"uv": [2.875, 8.25, 10.625, 16], "texture": "#3"},
				"up": {"uv": [2.875, 8.25, 10.625, 16], "texture": "#3"},
				"down": {"uv": [2.875, 8.25, 10.625, 16], "texture": "#3"}
			}
		},
		{
			"from": [8.145, -0.01463, 9.23329],
			"to": [8.395, 0.48537, 9.28329],
			"rotation": {"angle": -22.5, "axis": "x", "origin": [8.35, -0.46463, 9.48329]},
			"faces": {
				"north": {"uv": [0, 0, 16, 16], "rotation": 180, "texture": "#2"},
				"east": {"uv": [0, 0, 16, 16], "rotation": 270, "texture": "#2"},
				"south": {"uv": [0, 0, 16, 16], "texture": "#2"},
				"west": {"uv": [0, 0, 16, 16], "rotation": 90, "texture": "#2"},
				"up": {"uv": [0, 0, 16, 16], "rotation": 180, "texture": "#2"},
				"down": {"uv": [0, 0, 16, 16], "texture": "#2"}
			}
		},
		{
			"from": [8.145, -0.5324, 8.96552],
			"to": [8.395, -0.2824, 9.01552],
			"rotation": {"angle": 22.5, "axis": "x", "origin": [8.35, -0.4824, 9.46552]},
			"faces": {
				"north": {"uv": [0, 0, 16, 16], "rotation": 180, "texture": "#2"},
				"east": {"uv": [0, 0, 16, 16], "rotation": 270, "texture": "#2"},
				"south": {"uv": [0, 0, 16, 16], "texture": "#2"},
				"west": {"uv": [0, 0, 16, 16], "rotation": 90, "texture": "#2"},
				"up": {"uv": [0, 0, 16, 16], "rotation": 180, "texture": "#2"},
				"down": {"uv": [0, 0, 16, 16], "texture": "#2"}
			}
		},
		{
			"from": [8.2043, 0.59948, 2.3],
			"to": [8.3293, 0.72448, 3.8],
			"rotation": {"angle": 0, "axis": "y", "origin": [8.15433, 0.44948, 3.05]},
			"faces": {
				"north": {"uv": [0, 0, 16, 16], "rotation": 90, "texture": "#1"},
				"east": {"uv": [0, 0, 16, 16], "rotation": 270, "texture": "#1"},
				"south": {"uv": [0, 0, 16, 16], "rotation": 270, "texture": "#1"},
				"west": {"uv": [0, 0, 16, 16], "rotation": 270, "texture": "#1"},
				"up": {"uv": [0, 0, 16, 16], "rotation": 270, "texture": "#1"},
				"down": {"uv": [0, 0, 16, 15.75], "rotation": 270, "texture": "#1"}
			}
		},
		{
			"from": [8.10793, 0.53848, 3.8],
			"to": [8.20793, 0.98848, 6.8],
			"rotation": {"angle": -22.5, "axis": "z", "origin": [8.15793, 0.88848, 5.3]},
			"faces": {
				"north": {"uv": [0, 0, 16, 16], "rotation": 90, "texture": "#1"},
				"east": {"uv": [0, 0, 16, 16], "rotation": 270, "texture": "#1"},
				"south": {"uv": [0, 0, 16, 16], "rotation": 270, "texture": "#1"},
				"west": {"uv": [0, 0, 16, 16], "rotation": 270, "texture": "#1"},
				"up": {"uv": [0, 0, 16, 16], "rotation": 270, "texture": "#1"},
				"down": {"uv": [0, 0, 16, 16], "rotation": 270, "texture": "#1"}
			}
		},
		{
			"from": [7.89755, 0.48764, 3.8],
			"to": [7.99755, 0.68764, 6.8],
			"rotation": {"angle": 22.5, "axis": "z", "origin": [8.19755, 0.83764, 5.3]},
			"faces": {
				"north": {"uv": [0, 0, 16, 16], "rotation": 90, "texture": "#1"},
				"east": {"uv": [0, 0, 16, 16], "rotation": 270, "texture": "#1"},
				"south": {"uv": [0, 0, 16, 16], "rotation": 270, "texture": "#1"},
				"west": {"uv": [0, 0, 16, 16], "rotation": 270, "texture": "#1"},
				"up": {"uv": [0, 0, 16, 16], "rotation": 270, "texture": "#1"},
				"down": {"uv": [0, 0, 16, 15.75], "rotation": 270, "texture": "#1"}
			}
		},
		{
			"from": [8.29207, 0.53848, 3.8],
			"to": [8.39207, 0.98848, 6.8],
			"rotation": {"angle": 22.5, "axis": "z", "origin": [8.34207, 0.88848, 5.3]},
			"faces": {
				"north": {"uv": [0, 0, 16, 16], "texture": "#1"},
				"east": {"uv": [0, 0, 16, 16], "rotation": 270, "texture": "#1"},
				"south": {"uv": [0, 0, 16, 16], "rotation": 270, "texture": "#1"},
				"west": {"uv": [0, 0, 16, 16], "rotation": 270, "texture": "#1"},
				"up": {"uv": [0, 0, 16, 16], "rotation": 270, "texture": "#1"},
				"down": {"uv": [0, 0, 16, 15.75], "rotation": 270, "texture": "#1"}
			}
		},
		{
			"from": [8.48342, 0.39197, 3.8],
			"to": [8.58342, 0.59197, 6.8],
			"rotation": {"angle": -22.5, "axis": "z", "origin": [8.53342, 0.74197, 5.3]},
			"faces": {
				"north": {"uv": [0, 0, 16, 16], "texture": "#1"},
				"east": {"uv": [0, 0, 16, 16], "rotation": 270, "texture": "#1"},
				"south": {"uv": [0, 0, 16, 16], "rotation": 270, "texture": "#1"},
				"west": {"uv": [0, 0, 16, 16], "rotation": 270, "texture": "#1"},
				"up": {"uv": [0, 0, 16, 16], "rotation": 270, "texture": "#1"},
				"down": {"uv": [0, 0, 16, 15.75], "rotation": 270, "texture": "#1"}
			}
		},
		{
			"from": [8.35, 0.4, 3.8],
			"to": [8.35, 1, 6.8],
			"faces": {
				"north": {"uv": [0, 0, 16, 16], "texture": "#1"},
				"east": {"uv": [0, 0, 16, 16], "texture": "#1"},
				"south": {"uv": [0, 0, 16, 16], "texture": "#1"},
				"west": {"uv": [0, 0, 16, 16], "texture": "#1"},
				"up": {"uv": [0, 0, 16, 16], "texture": "#1"},
				"down": {"uv": [0, 0, 16, 15.75], "texture": "#1"}
			}
		},
		{
			"from": [8.24567, 0.39948, 3.8],
			"to": [8.44567, 0.49948, 6.8],
			"rotation": {"angle": 0, "axis": "y", "origin": [-0.15433, -0.00052, 0]},
			"faces": {
				"north": {"uv": [0, 0, 16, 16], "texture": "#1"},
				"east": {"uv": [0, 0, 16, 16], "texture": "#1"},
				"south": {"uv": [0, 0, 16, 16], "texture": "#1"},
				"west": {"uv": [0, 0, 16, 16], "texture": "#1"},
				"up": {"uv": [0, 0, 16, 16], "texture": "#1"},
				"down": {"uv": [0, 0, 16, 15.75], "texture": "#1"}
			}
		},
		{
			"from": [8.15, 0.4, 3.8],
			"to": [8.35, 0.75, 3.8],
			"rotation": {"angle": 0, "axis": "y", "origin": [-0.25, 0, 0]},
			"faces": {
				"north": {"uv": [0, 0, 16, 16], "texture": "#1"},
				"east": {"uv": [0, 0, 16, 16], "texture": "#1"},
				"south": {"uv": [0, 0, 16, 16], "texture": "#1"},
				"west": {"uv": [0, 0, 16, 16], "texture": "#1"},
				"up": {"uv": [0, 0, 16, 16], "texture": "#1"},
				"down": {"uv": [0, 0, 16, 15.75], "texture": "#1"}
			}
		},
		{
			"from": [8.15, 0.6, 3.8],
			"to": [8.35, 0.95, 3.8],
			"rotation": {"angle": 0, "axis": "y", "origin": [-0.25, 0, 0]},
			"faces": {
				"north": {"uv": [0, 0, 16, 16], "texture": "#1"},
				"east": {"uv": [0, 0, 16, 16], "texture": "#1"},
				"south": {"uv": [0, 0, 16, 16], "texture": "#1"},
				"west": {"uv": [0, 0, 16, 16], "texture": "#1"},
				"up": {"uv": [0, 0, 16, 16], "texture": "#1"},
				"down": {"uv": [0, 0, 16, 15.75], "texture": "#1"}
			}
		},
		{
			"from": [8.25, 0.5, 3.8],
			"to": [8.45, 0.85, 3.8],
			"rotation": {"angle": 22.5, "axis": "z", "origin": [8.25, 0.675, 3.8]},
			"faces": {
				"north": {"uv": [0, 0, 16, 16], "texture": "#1"},
				"east": {"uv": [0, 0, 16, 16], "texture": "#1"},
				"south": {"uv": [0, 0, 16, 16], "texture": "#1"},
				"west": {"uv": [0, 0, 16, 16], "texture": "#1"},
				"up": {"uv": [0, 0, 16, 16], "texture": "#1"},
				"down": {"uv": [0, 0, 16, 15.75], "texture": "#1"}
			}
		},
		{
			"from": [8.05, 0.5, 3.8],
			"to": [8.25, 0.85, 3.8],
			"rotation": {"angle": -22.5, "axis": "z", "origin": [8.25, 0.675, 3.8]},
			"faces": {
				"north": {"uv": [0, 0, 16, 16], "texture": "#1"},
				"east": {"uv": [0, 0, 16, 16], "texture": "#1"},
				"south": {"uv": [0, 0, 16, 16], "texture": "#1"},
				"west": {"uv": [0, 0, 16, 16], "texture": "#1"},
				"up": {"uv": [0, 0, 16, 16], "texture": "#1"},
				"down": {"uv": [0, 0, 16, 15.75], "texture": "#1"}
			}
		},
		{
			"from": [8.075, 0.475, 3.8],
			"to": [8.425, 0.675, 3.8],
			"rotation": {"angle": 0, "axis": "y", "origin": [8.25, 0.675, 3.8]},
			"faces": {
				"north": {"uv": [0, 0, 16, 16], "rotation": 270, "texture": "#1"},
				"east": {"uv": [0, 0, 16, 16], "rotation": 90, "texture": "#1"},
				"south": {"uv": [0, 0, 16, 16], "rotation": 90, "texture": "#1"},
				"west": {"uv": [0, 0, 16, 16], "rotation": 90, "texture": "#1"},
				"up": {"uv": [0, 0, 16, 16], "rotation": 90, "texture": "#1"},
				"down": {"uv": [0, 0, 16, 15.75], "rotation": 90, "texture": "#1"}
			}
		},
		{
			"from": [8.15866, 0.4, 3.8],
			"to": [8.15866, 1, 6.8],
			"rotation": {"angle": 0, "axis": "y", "origin": [0.05866, 0, 0]},
			"faces": {
				"north": {"uv": [0, 0, 16, 16], "texture": "#1"},
				"east": {"uv": [0, 0, 16, 16], "texture": "#1"},
				"south": {"uv": [0, 0, 16, 16], "texture": "#1"},
				"west": {"uv": [0, 0, 16, 16], "texture": "#1"},
				"up": {"uv": [0, 0, 16, 16], "texture": "#1"},
				"down": {"uv": [0, 0, 16, 15.75], "texture": "#1"}
			}
		},
		{
			"from": [8.05433, 0.39948, 3.8],
			"to": [8.25433, 0.49948, 6.8],
			"rotation": {"angle": 0, "axis": "y", "origin": [-0.09567, -0.00052, 0]},
			"faces": {
				"north": {"uv": [0, 0, 16, 16], "texture": "#1"},
				"east": {"uv": [0, 0, 16, 16], "texture": "#1"},
				"south": {"uv": [0, 0, 16, 16], "texture": "#1"},
				"west": {"uv": [0, 0, 16, 16], "texture": "#1"},
				"up": {"uv": [0, 0, 16, 16], "texture": "#1"},
				"down": {"uv": [0, 0, 16, 15.75], "texture": "#1"}
			}
		},
		{
			"from": [8.18, 0.58, 1.8],
			"to": [8.355, 0.755, 2.55],
			"rotation": {"angle": 0, "axis": "y", "origin": [8.15433, 0.44948, 3.05]},
			"faces": {
				"north": {"uv": [0, 0, 16, 16], "rotation": 90, "texture": "#1"},
				"east": {"uv": [0, 0, 16, 16], "rotation": 270, "texture": "#1"},
				"south": {"uv": [0, 0, 16, 16], "rotation": 270, "texture": "#1"},
				"west": {"uv": [0, 0, 16, 16], "rotation": 270, "texture": "#1"},
				"up": {"uv": [0, 0, 16, 16], "rotation": 270, "texture": "#1"},
				"down": {"uv": [0, 0, 16, 15.75], "rotation": 270, "texture": "#1"}
			}
		},
		{
			"from": [8.15, 0.9, 3.8],
			"to": [8.35, 1, 6.8],
			"rotation": {"angle": 0, "axis": "y", "origin": [-0.25, 0, 0]},
			"faces": {
				"north": {"uv": [0, 0, 16, 16], "texture": "#1"},
				"east": {"uv": [0, 0, 16, 16], "texture": "#1"},
				"south": {"uv": [0, 0, 16, 16], "texture": "#1"},
				"west": {"uv": [0, 0, 16, 16], "texture": "#1"},
				"up": {"uv": [0, 0, 16, 16], "texture": "#1"},
				"down": {"uv": [0, 0, 16, 15.75], "texture": "#1"}
			}
		},
		{
			"from": [8.48, 0.6, 7.1],
			"to": [8.58, 0.8, 8.2],
			"faces": {
				"north": {"uv": [0, 0, 16, 16], "texture": "#1"},
				"east": {"uv": [0, 0, 16, 16], "texture": "#1"},
				"south": {"uv": [0, 0, 16, 16], "texture": "#1"},
				"west": {"uv": [0, 0, 16, 16], "texture": "#1"},
				"up": {"uv": [0, 0, 16, 16], "texture": "#1"},
				"down": {"uv": [0, 0, 16, 15.75], "texture": "#1"}
			}
		},
		{
			"from": [8.45, 0.7, 9.35],
			"to": [8.6, 0.8, 9.95],
			"rotation": {"angle": 22.5, "axis": "y", "origin": [8.6, 0.75, 9.7]},
			"faces": {
				"north": {"uv": [0, 0, 16, 16], "texture": "#1"},
				"east": {"uv": [0, 0, 16, 16], "texture": "#1"},
				"south": {"uv": [0, 0, 16, 16], "texture": "#1"},
				"west": {"uv": [0, 0, 16, 16], "texture": "#1"},
				"up": {"uv": [0, 0, 16, 16], "texture": "#1"},
				"down": {"uv": [0, 0, 16, 15.75], "texture": "#1"}
			}
		},
		{
			"from": [8, 0, 7],
			"to": [8.5, 1, 10],
			"faces": {
				"north": {"uv": [0, 0, 16, 16], "texture": "#1"},
				"east": {"uv": [0, 0, 16, 16], "texture": "#1"},
				"south": {"uv": [0, 0, 16, 16], "texture": "#1"},
				"west": {"uv": [0, 0, 16, 16], "texture": "#1"},
				"up": {"uv": [0, 0, 15.875, 15.875], "texture": "#1"},
				"down": {"uv": [0, 0, 16, 16], "texture": "#1"}
			}
		},
		{
			"from": [8, -0.46788, 6.94672],
			"to": [8.5, 0.03212, 7.84672],
			"rotation": {"angle": 22.5, "axis": "x", "origin": [8.25, -0.46788, 7.64672]},
			"faces": {
				"north": {"uv": [0, 0, 16, 16], "texture": "#1"},
				"east": {"uv": [0, 0, 16, 16], "texture": "#1"},
				"south": {"uv": [0, 0, 16, 16], "texture": "#1"},
				"west": {"uv": [0, 0, 16, 16], "texture": "#1"},
				"up": {"uv": [0, 0, 15.875, 15.875], "texture": "#1"},
				"down": {"uv": [0, 0, 16, 16], "texture": "#1"}
			}
		},
		{
			"from": [8.25, 1.35, 9.45],
			"to": [8.27, 1.45, 9.5],
			"faces": {
				"north": {"uv": [0, 0, 16, 16], "texture": "#1"},
				"east": {"uv": [0, 0, 16, 16], "texture": "#1"},
				"south": {"uv": [0, 0, 16, 16], "texture": "#1"},
				"west": {"uv": [0, 0, 16, 16], "texture": "#1"},
				"up": {"uv": [0, 0, 15.875, 15.875], "texture": "#1"},
				"down": {"uv": [0, 0, 16, 16], "texture": "#1"}
			}
		},
		{
			"from": [7.975, -0.46788, 6.9],
			"to": [8.525, -0.41788, 7.9],
			"rotation": {"angle": 22.5, "axis": "x", "origin": [8.25, -0.46788, 7.64672]},
			"faces": {
				"north": {"uv": [0, 0, 16, 16], "texture": "#1"},
				"east": {"uv": [0, 0, 16, 16], "texture": "#1"},
				"south": {"uv": [0, 0, 16, 16], "texture": "#1"},
				"west": {"uv": [0, 0, 16, 16], "texture": "#1"},
				"up": {"uv": [0, 0, 15.875, 15.875], "texture": "#1"},
				"down": {"uv": [0, 0, 16, 16], "texture": "#1"}
			}
		},
		{
			"from": [8, -0.2, 7],
			"to": [8.5, 0.05, 7.65],
			"rotation": {"angle": 0, "axis": "y", "origin": [8.25, -0.26788, 7.64672]},
			"faces": {
				"north": {"uv": [0, 0, 16, 16], "texture": "#1"},
				"east": {"uv": [0, 0, 16, 16], "texture": "#1"},
				"south": {"uv": [0, 0, 16, 16], "texture": "#1"},
				"west": {"uv": [0, 0, 16, 16], "texture": "#1"},
				"up": {"uv": [0, 0, 15.875, 15.875], "texture": "#1"},
				"down": {"uv": [0, 0, 16, 16], "texture": "#1"}
			}
		},
		{
			"from": [8, -0.53576, 8.29343],
			"to": [8.5, -0.28576, 8.64343],
			"rotation": {"angle": 0, "axis": "y", "origin": [8.25, -0.23576, 7.69343]},
			"faces": {
				"north": {"uv": [0, 0, 16, 16], "texture": "#1"},
				"east": {"uv": [0, 0, 16, 16], "texture": "#1"},
				"south": {"uv": [0, 0, 16, 16], "texture": "#1"},
				"west": {"uv": [0, 0, 16, 16], "texture": "#1"},
				"up": {"uv": [0, 0, 15.875, 15.875], "texture": "#1"},
				"down": {"uv": [0, 0, 16, 16], "texture": "#1"}
			}
		},
		{
			"from": [8, -0.83576, 8.46],
			"to": [8.5, -0.58576, 8.51],
			"rotation": {"angle": -22.5, "axis": "x", "origin": [8.25, -0.23576, 7.69343]},
			"faces": {
				"north": {"uv": [0, 0, 16, 16], "texture": "#1"},
				"east": {"uv": [0, 0, 16, 16], "texture": "#1"},
				"south": {"uv": [0, 0, 16, 16], "texture": "#1"},
				"west": {"uv": [0, 0, 16, 16], "texture": "#1"},
				"up": {"uv": [0, 0, 15.875, 15.875], "texture": "#1"},
				"down": {"uv": [0, 0, 16, 16], "texture": "#1"}
			}
		},
		{
			"from": [8, -0.54442, 7.83149],
			"to": [8.5, -0.46442, 8.70149],
			"rotation": {"angle": 0, "axis": "y", "origin": [8.25, -0.23017, 7.67492]},
			"faces": {
				"north": {"uv": [0, 0, 16, 16], "texture": "#1"},
				"east": {"uv": [0, 0, 16, 16], "texture": "#1"},
				"south": {"uv": [0, 0, 16, 16], "texture": "#1"},
				"west": {"uv": [0, 0, 16, 16], "texture": "#1"},
				"up": {"uv": [0, 0, 15.875, 15.875], "texture": "#1"},
				"down": {"uv": [0, 0, 16, 16], "texture": "#1"}
			}
		},
		{
			"from": [8, 0.5, 6.8],
			"to": [8.5, 0.9, 9.8],
			"faces": {
				"north": {"uv": [0, 0, 16, 16], "texture": "#1"},
				"east": {"uv": [0, 0, 16, 16], "texture": "#1"},
				"south": {"uv": [0, 0, 16, 16], "texture": "#1"},
				"west": {"uv": [0, 0, 16, 16], "texture": "#1"},
				"up": {"uv": [0, 0, 15.875, 15.875], "texture": "#1"},
				"down": {"uv": [0, 0, 16, 16], "texture": "#1"}
			}
		},
		{
			"from": [7.955, 0.3, 8.7],
			"to": [8, 0.4, 9],
			"faces": {
				"north": {"uv": [0, 0, 16, 16], "texture": "#1"},
				"east": {"uv": [0, 0, 16, 16], "texture": "#1"},
				"south": {"uv": [0, 0, 16, 16], "texture": "#1"},
				"west": {"uv": [0, 0, 16, 16], "texture": "#1"},
				"up": {"uv": [0, 0, 15.875, 15.875], "texture": "#1"},
				"down": {"uv": [0, 0, 16, 16], "texture": "#1"}
			}
		},
		{
			"from": [7.955, 0.3, 7.8],
			"to": [8, 0.351, 8.2],
			"faces": {
				"north": {"uv": [0, 0, 16, 16], "texture": "#1"},
				"east": {"uv": [0, 0, 16, 16], "texture": "#1"},
				"south": {"uv": [0, 0, 16, 16], "texture": "#1"},
				"west": {"uv": [0, 0, 16, 16], "texture": "#1"},
				"up": {"uv": [0, 0, 15.875, 15.875], "texture": "#1"},
				"down": {"uv": [0, 0, 16, 16], "texture": "#1"}
			}
		},
		{
			"from": [7.925, 0.5, 7],
			"to": [8.575, 0.9, 10],
			"faces": {
				"north": {"uv": [0, 0, 16, 16], "texture": "#1"},
				"east": {"uv": [0, 0, 16, 16], "texture": "#1"},
				"south": {"uv": [0, 0, 16, 16], "texture": "#1"},
				"west": {"uv": [0, 0, 16, 16], "texture": "#1"},
				"up": {"uv": [0, 0, 15.875, 15.875], "texture": "#1"},
				"down": {"uv": [0, 0, 16, 16], "texture": "#1"}
			}
		},
		{
			"from": [8.025, -1.56687, 9.41384],
			"to": [8.475, 0.43313, 9.91384],
			"rotation": {"angle": -22.5, "axis": "x", "origin": [8.25, -0.56687, 9.41384]},
			"faces": {
				"north": {"uv": [0, 0, 16, 16], "texture": "#1"},
				"east": {"uv": [0, 0, 16, 16], "texture": "#1"},
				"south": {"uv": [0, 0, 16, 16], "texture": "#1"},
				"west": {"uv": [0, 0, 16, 16], "texture": "#1"},
				"up": {"uv": [0, 0, 15.875, 15.875], "texture": "#1"},
				"down": {"uv": [0, 0, 16, 16], "texture": "#1"}
			}
		},
		{
			"from": [8, -1.46687, 9.4638],
			"to": [8.5, -0.16687, 9.8638],
			"rotation": {"angle": -22.5, "axis": "x", "origin": [8.25, -0.56687, 9.41384]},
			"faces": {
				"north": {"uv": [0, 0, 16, 16], "texture": "#1"},
				"east": {"uv": [0, 0, 16, 16], "texture": "#1"},
				"south": {"uv": [0, 0, 16, 16], "texture": "#1"},
				"west": {"uv": [0, 0, 16, 16], "texture": "#1"},
				"up": {"uv": [0, 0, 15.875, 15.875], "texture": "#1"},
				"down": {"uv": [0, 0, 16, 16], "texture": "#1"}
			}
		},
		{
			"from": [8.025, -0.56687, 9.71384],
			"to": [8.475, 0.23313, 10.21384],
			"rotation": {"angle": -45, "axis": "x", "origin": [8.25, -0.56687, 9.41384]},
			"faces": {
				"north": {"uv": [0, 0, 16, 16], "texture": "#1"},
				"east": {"uv": [0, 0, 16, 16], "texture": "#1"},
				"south": {"uv": [0, 0, 16, 16], "texture": "#1"},
				"west": {"uv": [0, 0, 16, 16], "texture": "#1"},
				"up": {"uv": [0, 0, 15.875, 15.875], "texture": "#1"},
				"down": {"uv": [0, 0, 16, 16], "texture": "#1"}
			}
		},
		{
			"from": [8.025, -1.56687, 9.21384],
			"to": [8.475, -1.51687, 9.71384],
			"rotation": {"angle": -22.5, "axis": "x", "origin": [8.25, -0.56687, 9.41384]},
			"faces": {
				"north": {"uv": [0, 0, 16, 16], "texture": "#1"},
				"east": {"uv": [0, 0, 16, 16], "texture": "#1"},
				"south": {"uv": [0, 0, 16, 16], "texture": "#1"},
				"west": {"uv": [0, 0, 16, 16], "texture": "#1"},
				"up": {"uv": [0, 0, 15.875, 15.875], "texture": "#1"},
				"down": {"uv": [0, 0, 16, 16], "texture": "#1"}
			}
		},
		{
			"from": [8, -0.56687, 8.96384],
			"to": [8.5, -0.51687, 9.46384],
			"rotation": {"angle": 0, "axis": "y", "origin": [8.25, -0.56687, 9.41384]},
			"faces": {
				"north": {"uv": [0, 0, 16, 16], "texture": "#1"},
				"east": {"uv": [0, 0, 16, 16], "texture": "#1"},
				"south": {"uv": [0, 0, 16, 16], "texture": "#1"},
				"west": {"uv": [0, 0, 16, 16], "texture": "#1"},
				"up": {"uv": [0, 0, 15.875, 15.875], "texture": "#1"},
				"down": {"uv": [0, 0, 16, 16], "texture": "#1"}
			}
		},
		{
			"from": [8, -0.56687, 8.71384],
			"to": [8.5, -0.51687, 9.21384],
			"rotation": {"angle": 0, "axis": "y", "origin": [8.25, -0.56687, 9.41384]},
			"faces": {
				"north": {"uv": [0, 0, 16, 16], "texture": "#1"},
				"east": {"uv": [0, 0, 16, 16], "texture": "#1"},
				"south": {"uv": [0, 0, 16, 16], "texture": "#1"},
				"west": {"uv": [0, 0, 16, 16], "texture": "#1"},
				"up": {"uv": [0, 0, 15.875, 15.875], "texture": "#1"},
				"down": {"uv": [0, 0, 16, 16], "texture": "#1"}
			}
		},
		{
			"from": [8, -0.04, 8.25],
			"to": [8.5, 0.56, 8.75],
			"rotation": {"angle": -22.5, "axis": "x", "origin": [8.25, -0.46463, 9.48329]},
			"faces": {
				"north": {"uv": [0, 0, 16, 16], "rotation": 180, "texture": "#1"},
				"east": {"uv": [0, 0, 16, 16], "rotation": 270, "texture": "#1"},
				"south": {"uv": [0, 0, 16, 16], "texture": "#1"},
				"west": {"uv": [0, 0, 16, 16], "rotation": 90, "texture": "#1"},
				"up": {"uv": [0, 0, 15.875, 15.875], "rotation": 180, "texture": "#1"},
				"down": {"uv": [0, 0, 16, 16], "texture": "#1"}
			}
		},
		{
			"from": [8, -0.54, 7.85],
			"to": [8.5, 0.06, 8.35],
			"rotation": {"angle": 0, "axis": "y", "origin": [8.25, -0.46463, 9.48329]},
			"faces": {
				"north": {"uv": [0, 0, 16, 16], "rotation": 180, "texture": "#1"},
				"east": {"uv": [0, 0, 16, 16], "rotation": 270, "texture": "#1"},
				"south": {"uv": [0, 0, 16, 16], "texture": "#1"},
				"west": {"uv": [0, 0, 16, 16], "rotation": 90, "texture": "#1"},
				"up": {"uv": [0, 0, 15.875, 15.875], "rotation": 180, "texture": "#1"},
				"down": {"uv": [0, 0, 16, 16], "texture": "#1"}
			}
		},
		{
			"from": [8, -0.44, 7.75],
			"to": [8.5, 0.16, 8.25],
			"rotation": {"angle": 0, "axis": "y", "origin": [8.25, -0.46463, 9.48329]},
			"faces": {
				"north": {"uv": [0, 0, 16, 16], "rotation": 180, "texture": "#1"},
				"east": {"uv": [0, 0, 16, 16], "rotation": 270, "texture": "#1"},
				"south": {"uv": [0, 0, 16, 16], "texture": "#1"},
				"west": {"uv": [0, 0, 16, 16], "rotation": 90, "texture": "#1"},
				"up": {"uv": [0, 0, 15.875, 15.875], "rotation": 180, "texture": "#1"},
				"down": {"uv": [0, 0, 16, 16], "texture": "#1"}
			}
		},
		{
			"from": [8, -0.26463, 8.73329],
			"to": [8.5, 0.48537, 8.78329],
			"rotation": {"angle": -22.5, "axis": "x", "origin": [8.25, -0.46463, 9.48329]},
			"faces": {
				"north": {"uv": [0, 0, 16, 16], "rotation": 180, "texture": "#1"},
				"east": {"uv": [0, 0, 16, 16], "rotation": 270, "texture": "#1"},
				"south": {"uv": [0, 0, 16, 16], "texture": "#1"},
				"west": {"uv": [0, 0, 16, 16], "rotation": 90, "texture": "#1"},
				"up": {"uv": [0, 0, 15.875, 15.875], "rotation": 180, "texture": "#1"},
				"down": {"uv": [0, 0, 16, 16], "texture": "#1"}
			}
		},
		{
			"from": [8.025, -1.45791, 8.96584],
			"to": [8.475, -1.40791, 9.46584],
			"rotation": {"angle": -45, "axis": "x", "origin": [8.25, -0.70791, 9.41584]},
			"faces": {
				"north": {"uv": [0, 0, 16, 16], "texture": "#1"},
				"east": {"uv": [0, 0, 16, 16], "texture": "#1"},
				"south": {"uv": [0, 0, 16, 16], "texture": "#1"},
				"west": {"uv": [0, 0, 16, 16], "texture": "#1"},
				"up": {"uv": [0, 0, 15.875, 15.875], "texture": "#1"},
				"down": {"uv": [0, 0, 16, 16], "texture": "#1"}
			}
		}
	],
	"display": {
		"thirdperson_righthand": {
			"translation": [-2.25, 13.5, -2.5],
			"scale": [1.8, 1.8, 1.8]
		},
		"thirdperson_lefthand": {
			"translation": [-1.35, 13.5, -2.5],
			"scale": [1.8, 1.8, 1.8]
		},
		"firstperson_righthand": {
			"rotation": [20, 22, 1],
			"translation": [-1, 15.75, 6.75],
			"scale": [1.8, 1.8, 1.8]
		},
		"firstperson_lefthand": {
			"rotation": [20, -22, 1],
			"translation": [-1, 15.75, 6.75],
			"scale": [1.8, 1.8, 1.8]
		},
		"ground": {
			"rotation": [-16, 0, 26],
			"translation": [0, 9, 0],
			"scale": [1.8, 1.8, 1.8]
		},
		"gui": {
			"rotation": [90, 52.25, -90],
			"translation": [8.5, 11, -0.5],
			"scale": [1.8, 1.8, 1.8]
		},
		"head": {
			"scale": [0, 0, 0]
		},
		"fixed": {
			"rotation": [90, 52.25, -90],
			"translation": [8.5, 11, -0.5],
			"scale": [1.8, 1.8, 1.8]
		}
	},
	"groups": [
		{
			"name": "Korn_details",
			"origin": [8.15433, 0.44948, 3.05],
			"color": 0,
			"children": [0, 1, 2, 3, 4, 5, 6, 7, 8, 9, 10, 11, 12, 13, 14, 15, 16, 17, 18, 19, 20, 21, 22, 23, 24, 25, 26, 27, 28, 29]
		},
		{
			"name": "Kimme",
			"origin": [8.25, 1.3, 8.5],
			"color": 0,
			"children": [
				30,
				31,
				32,
				33,
				34,
				35,
				36,
				37,
				38,
				{
					"name": "group",
					"origin": [8.25, 1.24222, 8.52186],
					"color": 0,
					"children": [39, 40]
				},
				{
					"name": "group",
					"origin": [8.25, 1.19503, 8.52317],
					"color": 0,
					"children": [41, 42]
				}
			]
		},
		{
			"name": "Schulterstütze",
			"origin": [0, 0, 0],
			"color": 0,
			"children": [
				{
					"name": "group",
					"origin": [0, 0, 0.2],
					"color": 0,
					"children": [43, 44, 45, 46, 47]
				},
				48,
				49,
				50,
				51,
				52,
				53
			]
		},
		{
			"name": "Magazin",
			"origin": [8.25, -0.5772, 7.50426],
			"color": 0,
			"children": [54, 55, 56, 57, 58]
		},
		{
			"name": "Trigger",
			"origin": [8.25, -0.46463, 9.48329],
			"color": 0,
			"children": [59, 60]
		},
		{
			"name": "Schaft_lauf",
			"origin": [8.15433, 0.44948, 3.05],
			"color": 0,
			"children": [
				61,
				{
					"name": "group",
					"origin": [8.15793, 0.88848, 5.3],
					"color": 0,
					"children": [
						62,
						63,
						{
							"name": "group",
							"origin": [8.15793, 0.88848, 5.3],
							"color": 0,
							"children": [64, 65]
						}
					]
				},
				66,
				67,
				68,
				69,
				70,
				71,
				72,
				73,
				74,
				75,
				76,
				77,
				78
			]
		},
		{
			"name": "Body",
			"origin": [0, 0, 0],
			"color": 0,
			"children": [79, 80, 81, 82, 83, 84, 85, 86, 87, 88, 89, 90, 91, 92, 93, 94, 95, 96, 97, 98, 99, 100, 101]
		}
	]
}