{
  "parent": "minecraft:item/generated",
  "textures": {
    "layer0": "minecraft:item/melon_seeds"
  },
  "overrides": [
  { "predicate": { "custom_model_data":10000}, "model": "model/wooden-chair-1" },
  { "predicate": {"custom_model_data": 20000}, "model": "model/m16-standard"},
  { "predicate": {"custom_model_data": 20001}, "model": "model/m16-standard-plastik"},
  { "predicate": {"custom_model_data": 20400}, "model": "model/sniper"},
  { "predicate": {"custom_model_data": 20600}, "model": "model/mp412rex"},
  { "predicate": {"custom_model_data": 30000}, "model": "gui/chestui/respawn-01"},
  { "predicate": {"custom_model_data": 30001}, "model": "gui/chestui/respawn-02"},
  { "predicate": {"custom_model_data": 30002}, "model": "gui/chestui/respawn-03"},
  { "predicate": {"custom_model_data": 30003}, "model": "gui/chestui/respawn-04"},
  { "predicate": {"custom_model_data": 30004}, "model": "gui/chestui/respawn-05"},
  { "predicate": {"custom_model_data": 30005}, "model": "gui/chestui/respawn-06"},
  { "predicate": {"custom_model_data": 30006}, "model": "gui/chestui/respawn-07"},
  { "predicate": {"custom_model_data": 30007}, "model": "gui/chestui/respawn-08"},
  { "predicate": {"custom_model_data": 30008}, "model": "gui/chestui/respawn-09"},
  { "predicate": {"custom_model_data": 30101}, "model": "gui/chestui/homebutton"},
  { "predicate": {"custom_model_data": 30102}, "model": "gui/chestui/loadout-button"},
  { "predicate": {"custom_model_data": 40100}, "model": "model/medkit"},
  { "predicate": {"custom_model_data": 40101}, "model": "model/medkit_open"},
  { "predicate": {"custom_model_data": 90001}, "model": "model/flag-green"},
  { "predicate": {"custom_model_data": 90002}, "model": "model/flag-red"}
  ]
}